[{"name":"Jackson Velvet Cuddle Chair - Black","name_link":"https://www.habitat.co.uk/browse/sofas-and-armchairs/armchairs/c:809185/?clickOrigin=header:home:menu:armchairs/product/9473425","price":"£450.00","image":"https://media.4rgos.it/s/Argos/9473425_R_SET?w=270&h=270&qlt=75&fmt.jpeg.interlaced=true"},{"name":"Julien Charcoal Fabric Armchair","name_link":"https://www.habitat.co.uk/browse/sofas-and-armchairs/armchairs/c:809185/?clickOrigin=header:home:menu:armchairs/product/9172025","price":"£295.00","image":"https://media.4rgos.it/s/Argos/9172025_R_SET?w=270&h=270&qlt=75&fmt.jpeg.interlaced=true"},{"name":"Callie Fabric Wingback Chair - Blush Pink","name_link":"https://www.habitat.co.uk/browse/sofas-and-armchairs/armchairs/c:809185/?clickOrigin=header:home:menu:armchairs/product/8839895","price":"£180.00","image":"https://media.4rgos.it/s/Argos/8839895_R_SET?w=270&h=270&qlt=75&fmt.jpeg.interlaced=true"},{"name":"Celine Velvet Accent Chair - Teal","name_link":"https://www.habitat.co.uk/browse/sofas-and-armchairs/armchairs/c:809185/?clickOrigin=header:home:menu:armchairs/product/7120172","price":"£175.00","image":"https://media.4rgos.it/s/Argos/7120172_R_SET?w=270&h=270&qlt=75&fmt.jpeg.interlaced=true"},{"name":"Rhett Faux Leather Swivel Chair - Black","name_link":"https://www.habitat.co.uk/browse/sofas-and-armchairs/armchairs/c:809185/?clickOrigin=header:home:menu:armchairs/product/8774651","price":"£250.00","image":"https://media.4rgos.it/s/Argos/8774651_R_SET?w=270&h=270&qlt=75&fmt.jpeg.interlaced=true"},{"name":"Arya Green Fabric Armchair","name_link":"https://www.habitat.co.uk/browse/sofas-and-armchairs/armchairs/c:809185/?clickOrigin=header:home:menu:armchairs/product/9162822","price":"£395.00","image":"https://media.4rgos.it/s/Argos/9162822_R_SET?w=270&h=270&qlt=75&fmt.jpeg.interlaced=true"},{"name":"Evie Fabric Armchair in a Box - Charcoal","name_link":"https://www.habitat.co.uk/browse/sofas-and-armchairs/armchairs/c:809185/?clickOrigin=header:home:menu:armchairs/product/6214560","price":"£140.00","image":"https://media.4rgos.it/s/Argos/6214560_R_SET?w=270&h=270&qlt=75&fmt.jpeg.interlaced=true"},{"name":"Delilah Fabric Cocktail Chair - Charcoal","name_link":"https://www.habitat.co.uk/browse/sofas-and-armchairs/armchairs/c:809185/?clickOrigin=header:home:menu:armchairs/product/8937773","price":"£80.00","image":"https://media.4rgos.it/s/Argos/8937773_R_SET?w=270&h=270&qlt=75&fmt.jpeg.interlaced=true"},{"name":"Eppy Fabric Accent Chair - Charcoal","name_link":"https://www.habitat.co.uk/browse/sofas-and-armchairs/armchairs/c:809185/?clickOrigin=header:home:menu:armchairs/product/7878008","price":"£60.00","image":"https://media.4rgos.it/s/Argos/7878008_R_SET?w=270&h=270&qlt=75&fmt.jpeg.interlaced=true"},{"name":"Delilah Fabric Cocktail Chair - Teal","name_link":"https://www.habitat.co.uk/browse/sofas-and-armchairs/armchairs/c:809185/?clickOrigin=header:home:menu:armchairs/product/9213135","price":"£80.00","image":"https://media.4rgos.it/s/Argos/9213135_R_SET?w=270&h=270&qlt=75&fmt.jpeg.interlaced=true"},{"name":"Eppy Fabric Accent Chair - Blue","name_link":"https://www.habitat.co.uk/browse/sofas-and-armchairs/armchairs/c:809185/?clickOrigin=header:home:menu:armchairs/product/8896010","price":"£60.00","image":"https://media.4rgos.it/s/Argos/8896010_R_SET?w=270&h=270&qlt=75&fmt.jpeg.interlaced=true"},{"name":"Callie Fabric Wingback Chair- Light Grey","name_link":"https://www.habitat.co.uk/browse/sofas-and-armchairs/armchairs/c:809185/?clickOrigin=header:home:menu:armchairs/product/8884950","price":"£180.00","image":"https://media.4rgos.it/s/Argos/8884950_R_SET?w=270&h=270&qlt=75&fmt.jpeg.interlaced=true"},{"name":"Nellie Fabric Accent Chair - Grey","name_link":"https://www.habitat.co.uk/browse/sofas-and-armchairs/armchairs/c:809185/?clickOrigin=header:home:menu:armchairs/product/8346278","price":"£150.00","image":"https://media.4rgos.it/s/Argos/8346278_R_SET?w=270&h=270&qlt=75&fmt.jpeg.interlaced=true"},{"name":"Callie Fabric Wingback Chair - Mustard Yellow","name_link":"https://www.habitat.co.uk/browse/sofas-and-armchairs/armchairs/c:809185/?clickOrigin=header:home:menu:armchairs/product/8887562","price":"£180.00","image":"https://media.4rgos.it/s/Argos/8887562_R_SET?w=270&h=270&qlt=75&fmt.jpeg.interlaced=true"},{"name":"Callie Fabric Wingback Chair - Teal","name_link":"https://www.habitat.co.uk/browse/sofas-and-armchairs/armchairs/c:809185/?clickOrigin=header:home:menu:armchairs/product/8724948","price":"£180.00","image":"https://media.4rgos.it/s/Argos/8724948_R_SET?w=270&h=270&qlt=75&fmt.jpeg.interlaced=true"},{"name":"Fabric Tub Chair - Black","name_link":"https://www.habitat.co.uk/browse/sofas-and-armchairs/armchairs/c:809185/?clickOrigin=header:home:menu:armchairs/product/2488620","price":"£99.00","image":"https://media.4rgos.it/s/Argos/2488620_R_SET?w=270&h=270&qlt=75&fmt.jpeg.interlaced=true"},{"name":"Eppy Fabric Accent Chair - Yellow","name_link":"https://www.habitat.co.uk/browse/sofas-and-armchairs/armchairs/c:809185/?clickOrigin=header:home:menu:armchairs/product/7665053","price":"£60.00","image":"https://media.4rgos.it/s/Argos/7665053_R_SET?w=270&h=270&qlt=75&fmt.jpeg.interlaced=true"},{"name":"Delilah Fabric Cocktail Chair - Pink","name_link":"https://www.habitat.co.uk/browse/sofas-and-armchairs/armchairs/c:809185/?clickOrigin=header:home:menu:armchairs/product/9397336","price":"£80.00","image":"https://media.4rgos.it/s/Argos/9397336_R_SET?w=270&h=270&qlt=75&fmt.jpeg.interlaced=true"},{"name":"Delilah Fabric Cocktail Chair - Yellow","name_link":"https://www.habitat.co.uk/browse/sofas-and-armchairs/armchairs/c:809185/?clickOrigin=header:home:menu:armchairs/product/9337808","price":"£80.00","image":"https://media.4rgos.it/s/Argos/9337808_R_SET?w=270&h=270&qlt=75&fmt.jpeg.interlaced=true"},{"name":"Evie Fabric Armchair in a Box - Natural","name_link":"https://www.habitat.co.uk/browse/sofas-and-armchairs/armchairs/c:809185/?clickOrigin=header:home:menu:armchairs/product/6126311","price":"£140.00","image":"https://media.4rgos.it/s/Argos/6126311_R_SET?w=270&h=270&qlt=75&fmt.jpeg.interlaced=true"},{"name":"Ayres Fabric Tub Chair - Charcoal","name_link":"https://www.habitat.co.uk/browse/sofas-and-armchairs/armchairs/c:809185/?clickOrigin=header:home:menu:armchairs/product/9202964","price":"£130.00","image":"https://media.4rgos.it/s/Argos/9202964_R_SET?w=270&h=270&qlt=75&fmt.jpeg.interlaced=true"},{"name":"Fabric Tub Chair - Mocha","name_link":"https://www.habitat.co.uk/browse/sofas-and-armchairs/armchairs/c:809185/?clickOrigin=header:home:menu:armchairs/product/2487906","price":"£99.00","image":"https://media.4rgos.it/s/Argos/2487906_R_SET?w=270&h=270&qlt=75&fmt.jpeg.interlaced=true"},{"name":"Ezra Velvet Swival Chair - Light Grey","name_link":"https://www.habitat.co.uk/browse/sofas-and-armchairs/armchairs/c:809185/?clickOrigin=header:home:menu:armchairs/product/8819372","price":"£200.00","image":"https://media.4rgos.it/s/Argos/8819372_R_SET?w=270&h=270&qlt=75&fmt.jpeg.interlaced=true"},{"name":"Snuggle Velvet Armchair - Yellow","name_link":"https://www.habitat.co.uk/browse/sofas-and-armchairs/armchairs/c:809185/?clickOrigin=header:home:menu:armchairs/product/8743826","price":"£230.00","image":"https://media.4rgos.it/s/Argos/8743826_R_SET?w=270&h=270&qlt=75&fmt.jpeg.interlaced=true"},{"name":"Bentwood High Back Chair & Footstool - Charcoal","name_link":"https://www.habitat.co.uk/browse/sofas-and-armchairs/armchairs/c:809185/?clickOrigin=header:home:menu:armchairs/product/8106511","price":"£100.00","image":"https://media.4rgos.it/s/Argos/8106511_R_SET?w=270&h=270&qlt=75&fmt.jpeg.interlaced=true"},{"name":"Delilah Fabric Cocktail Chair - Light Grey","name_link":"https://www.habitat.co.uk/browse/sofas-and-armchairs/armchairs/c:809185/?clickOrigin=header:home:menu:armchairs/product/9221433","price":"£80.00","image":"https://media.4rgos.it/s/Argos/9221433_R_SET?w=270&h=270&qlt=75&fmt.jpeg.interlaced=true"},{"name":"Fabric Tub Chair - Duck Egg","name_link":"https://www.habitat.co.uk/browse/sofas-and-armchairs/armchairs/c:809185/?clickOrigin=header:home:menu:armchairs/product/8085450","price":"£99.00","image":"https://media.4rgos.it/s/Argos/8085450_R_SET?w=270&h=270&qlt=75&fmt.jpeg.interlaced=true"},{"name":"Fabric Lounger Chair - Charcoal","name_link":"https://www.habitat.co.uk/browse/sofas-and-armchairs/armchairs/c:809185/?clickOrigin=header:home:menu:armchairs/product/4275161","price":"£100.00","image":"https://media.4rgos.it/s/Argos/4275161_R_SET?w=270&h=270&qlt=75&fmt.jpeg.interlaced=true"},{"name":"Bentwood High Back Chair & Footstool - Grey","name_link":"https://www.habitat.co.uk/browse/sofas-and-armchairs/armchairs/c:809185/?clickOrigin=header:home:menu:armchairs/product/9217368","price":"£100.00","image":"https://media.4rgos.it/s/Argos/9217368_R_SET?w=270&h=270&qlt=75&fmt.jpeg.interlaced=true"},{"name":"Celine Velvet Accent Chair - Blue","name_link":"https://www.habitat.co.uk/browse/sofas-and-armchairs/armchairs/c:809185/?clickOrigin=header:home:menu:armchairs/product/8874702","price":"£175.00","image":"https://media.4rgos.it/s/Argos/8874702_R_SET?w=270&h=270&qlt=75&fmt.jpeg.interlaced=true"},{"name":"Celine Velvet Accent Chair - Green","name_link":"https://www.habitat.co.uk/browse/sofas-and-armchairs/armchairs/c:809185/?clickOrigin=header:home:menu:armchairs/product/4378439","price":"£175.00","image":"https://media.4rgos.it/s/Argos/4378439_R_SET?w=270&h=270&qlt=75&fmt.jpeg.interlaced=true"},{"name":"Remi Fabric Armchair in a Box -Teal","name_link":"https://www.habitat.co.uk/browse/sofas-and-armchairs/armchairs/c:809185/?clickOrigin=header:home:menu:armchairs/product/9153721","price":"£170.00","image":"https://media.4rgos.it/s/Argos/9153721_R_SET?w=270&h=270&qlt=75&fmt.jpeg.interlaced=true"},{"name":"Vienna Velvet Cuddle Chair - Rose","name_link":"https://www.habitat.co.uk/browse/sofas-and-armchairs/armchairs/c:809185/?clickOrigin=header:home:menu:armchairs/product/8770662","price":"£300.00","image":"https://media.4rgos.it/s/Argos/8770662_R_SET?w=270&h=270&qlt=75&fmt.jpeg.interlaced=true"},{"name":"Celine Velvet Accent Chair - Pink","name_link":"https://www.habitat.co.uk/browse/sofas-and-armchairs/armchairs/c:809185/?clickOrigin=header:home:menu:armchairs/product/4337559","price":"£175.00","image":"https://media.4rgos.it/s/Argos/4337559_R_SET?w=270&h=270&qlt=75&fmt.jpeg.interlaced=true"},{"name":"Vanessa Velvet Armchair - Grey","name_link":"https://www.habitat.co.uk/browse/sofas-and-armchairs/armchairs/c:809185/?clickOrigin=header:home:menu:armchairs/product/8595809","price":"£180.00","image":"https://media.4rgos.it/s/Argos/8595809_R_SET?w=270&h=270&qlt=75&fmt.jpeg.interlaced=true"},{"name":"Moda Faux Leather Armchair - Black","name_link":"https://www.habitat.co.uk/browse/sofas-and-armchairs/armchairs/c:809185/?clickOrigin=header:home:menu:armchairs/product/4815545","price":"£180.00","image":"https://media.4rgos.it/s/Argos/4815545_R_SET?w=270&h=270&qlt=75&fmt.jpeg.interlaced=true"},{"name":"Snuggle Velvet Armchair - Blue","name_link":"https://www.habitat.co.uk/browse/sofas-and-armchairs/armchairs/c:809185/?clickOrigin=header:home:menu:armchairs/product/4096539","price":"£230.00","image":"https://media.4rgos.it/s/Argos/4096539_R_SET?w=270&h=270&qlt=75&fmt.jpeg.interlaced=true"},{"name":"Celine Velvet Accent Chair - Grey","name_link":"https://www.habitat.co.uk/browse/sofas-and-armchairs/armchairs/c:809185/?clickOrigin=header:home:menu:armchairs/product/8887713","price":"£175.00","image":"https://media.4rgos.it/s/Argos/8887713_R_SET?w=270&h=270&qlt=75&fmt.jpeg.interlaced=true"},{"name":"Vanessa Velvet Armchair - Green","name_link":"https://www.habitat.co.uk/browse/sofas-and-armchairs/armchairs/c:809185/?clickOrigin=header:home:menu:armchairs/product/8382847","price":"£180.00","image":"https://media.4rgos.it/s/Argos/8382847_R_SET?w=270&h=270&qlt=75&fmt.jpeg.interlaced=true"},{"name":"Lisbon Fabric Armchair - Charcoal","name_link":"https://www.habitat.co.uk/browse/sofas-and-armchairs/armchairs/c:809185/?clickOrigin=header:home:menu:armchairs/product/9362897","price":"£270.00","image":"https://media.4rgos.it/s/Argos/9362897_R_SET?w=270&h=270&qlt=75&fmt.jpeg.interlaced=true"},{"name":"Ayres Fabric Tub Chair - Aqua","name_link":"https://www.habitat.co.uk/browse/sofas-and-armchairs/armchairs/c:809185/?clickOrigin=header:home:menu:armchairs/product/9184776","price":"£130.00","image":"https://media.4rgos.it/s/Argos/9184776_R_SET?w=270&h=270&qlt=75&fmt.jpeg.interlaced=true"},{"name":"Ayres Fabric Tub Chair - Yellow","name_link":"https://www.habitat.co.uk/browse/sofas-and-armchairs/armchairs/c:809185/?clickOrigin=header:home:menu:armchairs/product/8883748","price":"£130.00","image":"https://media.4rgos.it/s/Argos/8883748_R_SET?w=270&h=270&qlt=75&fmt.jpeg.interlaced=true"},{"name":"Jax Velvet Accent Chair - Navy","name_link":"https://www.habitat.co.uk/browse/sofas-and-armchairs/armchairs/c:809185/?clickOrigin=header:home:menu:armchairs/product/4016234","price":"£130.00","image":"https://media.4rgos.it/s/Argos/4016234_R_SET?w=270&h=270&qlt=75&fmt.jpeg.interlaced=true"},{"name":"Faux Leather Tub Chair - Brown","name_link":"https://www.habitat.co.uk/browse/sofas-and-armchairs/armchairs/c:809185/?clickOrigin=header:home:menu:armchairs/product/2584335","price":"£99.00","image":"https://media.4rgos.it/s/Argos/2584335_R_SET?w=270&h=270&qlt=75&fmt.jpeg.interlaced=true"},{"name":"Faux Leather Tub Chair - Black","name_link":"https://www.habitat.co.uk/browse/sofas-and-armchairs/armchairs/c:809185/?clickOrigin=header:home:menu:armchairs/product/2465564","price":"£99.00","image":"https://media.4rgos.it/s/Argos/2465564_R_SET?w=270&h=270&qlt=75&fmt.jpeg.interlaced=true"},{"name":"Remi Fabric Armchair in a Box - Charcoal","name_link":"https://www.habitat.co.uk/browse/sofas-and-armchairs/armchairs/c:809185/?clickOrigin=header:home:menu:armchairs/product/9308222","price":"£170.00","image":"https://media.4rgos.it/s/Argos/9308222_R_SET?w=270&h=270&qlt=75&fmt.jpeg.interlaced=true"},{"name":"Dorian Faux Leather Armchair - Tan","name_link":"https://www.habitat.co.uk/browse/sofas-and-armchairs/armchairs/c:809185/?clickOrigin=header:home:menu:armchairs/product/8435866","price":"£250.00","image":"https://media.4rgos.it/s/Argos/8435866_R_SET?w=270&h=270&qlt=75&fmt.jpeg.interlaced=true"},{"name":"Rufus Velvet Accent Chair - Blue","name_link":"https://www.habitat.co.uk/browse/sofas-and-armchairs/armchairs/c:809185/?clickOrigin=header:home:menu:armchairs/product/8389211","price":"£130.00","image":"https://media.4rgos.it/s/Argos/8389211_R_SET?w=270&h=270&qlt=75&fmt.jpeg.interlaced=true"},{"name":"Alana Velvet Shell Back Accent Chair - Navy","name_link":"https://www.habitat.co.uk/browse/sofas-and-armchairs/armchairs/c:809185/?clickOrigin=header:home:menu:armchairs/product/7025387","price":"£130.00","image":"https://media.4rgos.it/s/Argos/7025387_R_SET?w=270&h=270&qlt=75&fmt.jpeg.interlaced=true"},{"name":"Bentwood High Back Chair & Footstool - Natural","name_link":"https://www.habitat.co.uk/browse/sofas-and-armchairs/armchairs/c:809185/?clickOrigin=header:home:menu:armchairs/product/5717336","price":"£100.00","image":"https://media.4rgos.it/s/Argos/5717336_R_SET?w=270&h=270&qlt=75&fmt.jpeg.interlaced=true"},{"name":"Salisbury Leather Armchair - Tan","name_link":"https://www.habitat.co.uk/browse/sofas-and-armchairs/armchairs/c:809185/?clickOrigin=header:home:menu:armchairs/product/3314047","price":"£450.00","image":"https://media.4rgos.it/s/Argos/3314047_R_SET?w=270&h=270&qlt=75&fmt.jpeg.interlaced=true"},{"name":"Celine Velvet Accent Chair - Pink","name_link":"https://www.habitat.co.uk/browse/sofas-and-armchairs/armchairs/c:809185/?clickOrigin=header:home:menu:armchairs/product/8809708","price":"£175.00","image":"https://media.4rgos.it/s/Argos/8809708_R_SET?w=270&h=270&qlt=75&fmt.jpeg.interlaced=true"},{"name":"Merlot Velvet Accent Chair - Orange","name_link":"https://www.habitat.co.uk/browse/sofas-and-armchairs/armchairs/c:809185/?clickOrigin=header:home:menu:armchairs/product/8258201","price":"£115.00","image":"https://media.4rgos.it/s/Argos/8258201_R_SET?w=270&h=270&qlt=75&fmt.jpeg.interlaced=true"},{"name":"Alana Velvet Shell Back Accent Chair - Dusty Pink","name_link":"https://www.habitat.co.uk/browse/sofas-and-armchairs/armchairs/c:809185/?clickOrigin=header:home:menu:armchairs/product/6877275","price":"£130.00","image":"https://media.4rgos.it/s/Argos/6877275_R_SET?w=270&h=270&qlt=75&fmt.jpeg.interlaced=true"},{"name":"Jax Velvet Accent Chair - Silver","name_link":"https://www.habitat.co.uk/browse/sofas-and-armchairs/armchairs/c:809185/?clickOrigin=header:home:menu:armchairs/product/4842996","price":"£130.00","image":"https://media.4rgos.it/s/Argos/4842996_R_SET?w=270&h=270&qlt=75&fmt.jpeg.interlaced=true"},{"name":"Milford Leather Chair - Tan","name_link":"https://www.habitat.co.uk/browse/sofas-and-armchairs/armchairs/c:809185/?clickOrigin=header:home:menu:armchairs/product/9308370","price":"£450.00","image":"https://media.4rgos.it/s/Argos/9308370_R_SET?w=270&h=270&qlt=75&fmt.jpeg.interlaced=true"},{"name":"Jackson Velvet Cuddle Chair - Orange","name_link":"https://www.habitat.co.uk/browse/sofas-and-armchairs/armchairs/c:809185/?clickOrigin=header:home:menu:armchairs/product/9211429","price":"£450.00","image":"https://media.4rgos.it/s/Argos/9211429_R_SET?w=270&h=270&qlt=75&fmt.jpeg.interlaced=true"},{"name":"Milford Fabric Swivel Chair - Grey","name_link":"https://www.habitat.co.uk/browse/sofas-and-armchairs/armchairs/c:809185/?clickOrigin=header:home:menu:armchairs/product/9203640","price":"£430.00","image":"https://media.4rgos.it/s/Argos/9203640_R_SET?w=270&h=270&qlt=75&fmt.jpeg.interlaced=true"},{"name":"Fabric Pod Chair - Navy","name_link":"https://www.habitat.co.uk/browse/sofas-and-armchairs/armchairs/c:809185/?clickOrigin=header:home:menu:armchairs/product/8898915","price":"£120.00","image":"https://media.4rgos.it/s/Argos/8898915_R_SET?w=270&h=270&qlt=75&fmt.jpeg.interlaced=true"},{"name":"Remi Fabric Armchair in a Box - Light Grey","name_link":"https://www.habitat.co.uk/browse/sofas-and-armchairs/armchairs/c:809185/?clickOrigin=header:home:menu:armchairs/product/8896395","price":"£170.00","image":"https://media.4rgos.it/s/Argos/8896395_R_SET?w=270&h=270&qlt=75&fmt.jpeg.interlaced=true"}]