[
  {
    "name": "Tatsuma King Size Bed Frame - Walnut",
    "name_link": "https://www.habitat.co.uk/browse/furniture/beds/c:809198/?clickOrigin=header:cat:menu:beds/product/8809320",
    "price": "£320.00",
    "image": "https://media.4rgos.it/s/Argos/8809320_R_SET?w=270&h=270&qlt=75&fmt.jpeg.interlaced=true"
  },
  {
    "name": "Industrial Double Bed Frame - Grey",
    "name_link": "https://www.habitat.co.uk/browse/furniture/beds/c:809198/?clickOrigin=header:cat:menu:beds/product/2723938",
    "price": "£150.00",
    "image": "https://media.4rgos.it/s/Argos/2723938_R_SET?w=270&h=270&qlt=75&fmt.jpeg.interlaced=true"
  },
  {
    "name": "Blissford Double Bed Frame - Black",
    "name_link": "https://www.habitat.co.uk/browse/furniture/beds/c:809198/?clickOrigin=header:cat:menu:beds/product/8866497",
    "price": "£400.00",
    "image": "https://media.4rgos.it/s/Argos/8866497_R_SET?w=270&h=270&qlt=75&fmt.jpeg.interlaced=true"
  },
  {
    "name": "Pandora Double Ottoman Bed Frame - Grey",
    "name_link": "https://www.habitat.co.uk/browse/furniture/beds/c:809198/?clickOrigin=header:cat:menu:beds/product/3421662",
    "price": "£300.00",
    "image": "https://media.4rgos.it/s/Argos/3421662_R_SET?w=270&h=270&qlt=75&fmt.jpeg.interlaced=true"
  },
  {
    "name": "Eros Ottoman Kingsize Bed Frame - Grey",
    "name_link": "https://www.habitat.co.uk/browse/furniture/beds/c:809198/?clickOrigin=header:cat:menu:beds/product/6256009",
    "price": "£340.00",
    "image": "https://media.4rgos.it/s/Argos/6256009_R_SET?w=270&h=270&qlt=75&fmt.jpeg.interlaced=true"
  },
  {
    "name": "Freja Double Metal Bed Frame - Silver",
    "name_link": "https://www.habitat.co.uk/browse/furniture/beds/c:809198/?clickOrigin=header:cat:menu:beds/product/8046080",
    "price": "£70.00",
    "image": "https://media.4rgos.it/s/Argos/8046080_R_SET?w=270&h=270&qlt=75&fmt.jpeg.interlaced=true"
  },
  {
    "name": "Avalon Single Metal Bed Frame - Black",
    "name_link": "https://www.habitat.co.uk/browse/furniture/beds/c:809198/?clickOrigin=header:cat:menu:beds/product/8261449",
    "price": "£80.00",
    "image": "https://media.4rgos.it/s/Argos/8261449_R_SET?w=270&h=270&qlt=75&fmt.jpeg.interlaced=true"
  },
  {
    "name": "Freja Single Metal Bed Frame - Silver",
    "name_link": "https://www.habitat.co.uk/browse/furniture/beds/c:809198/?clickOrigin=header:cat:menu:beds/product/8047931",
    "price": "£60.00",
    "image": "https://media.4rgos.it/s/Argos/8047931_R_SET?w=270&h=270&qlt=75&fmt.jpeg.interlaced=true"
  },
  {
    "name": "Kristopher Small Double Bed Frame - Grey",
    "name_link": "https://www.habitat.co.uk/browse/furniture/beds/c:809198/?clickOrigin=header:cat:menu:beds/product/5644416",
    "price": "£140.00",
    "image": "https://media.4rgos.it/s/Argos/5644416_R_SET?w=270&h=270&qlt=75&fmt.jpeg.interlaced=true"
  },
  {
    "name": "Fleur Double Metal Bed Frame - White",
    "name_link": "https://www.habitat.co.uk/browse/furniture/beds/c:809198/?clickOrigin=header:cat:menu:beds/product/3106846",
    "price": "£120.00",
    "image": "https://media.4rgos.it/s/Argos/3106846_R_SET?w=270&h=270&qlt=75&fmt.jpeg.interlaced=true"
  },
  {
    "name": "Kaycie Double Bed Frame - Pine",
    "name_link": "https://www.habitat.co.uk/browse/furniture/beds/c:809198/?clickOrigin=header:cat:menu:beds/product/7342338",
    "price": "£100.00",
    "image": "https://media.4rgos.it/s/Argos/7342338_R_SET?w=270&h=270&qlt=75&fmt.jpeg.interlaced=true"
  },
  {
    "name": "Kaycie Small Double Bed Frame - Pine",
    "name_link": "https://www.habitat.co.uk/browse/furniture/beds/c:809198/?clickOrigin=header:cat:menu:beds/product/7256149",
    "price": "£90.00",
    "image": "https://media.4rgos.it/s/Argos/7256149_R_SET?w=270&h=270&qlt=75&fmt.jpeg.interlaced=true"
  },
  {
    "name": "Kristopher Single Bed Frame - Grey",
    "name_link": "https://www.habitat.co.uk/browse/furniture/beds/c:809198/?clickOrigin=header:cat:menu:beds/product/5665598",
    "price": "£120.00",
    "image": "https://media.4rgos.it/s/Argos/5665598_R_SET?w=270&h=270&qlt=75&fmt.jpeg.interlaced=true"
  },
  {
    "name": "Avalon Single Metal Bed Frame - White",
    "name_link": "https://www.habitat.co.uk/browse/furniture/beds/c:809198/?clickOrigin=header:cat:menu:beds/product/8542199",
    "price": "£80.00",
    "image": "https://media.4rgos.it/s/Argos/8542199_R_SET?w=270&h=270&qlt=75&fmt.jpeg.interlaced=true"
  },
  {
    "name": "Skylar Double Bed Frame - Black",
    "name_link": "https://www.habitat.co.uk/browse/furniture/beds/c:809198/?clickOrigin=header:cat:menu:beds/product/1259953",
    "price": "£150.00",
    "image": "https://media.4rgos.it/s/Argos/1259953_R_SET?w=270&h=270&qlt=75&fmt.jpeg.interlaced=true"
  },
  {
    "name": "Fleur Small Double Metal Bed Frame - White",
    "name_link": "https://www.habitat.co.uk/browse/furniture/beds/c:809198/?clickOrigin=header:cat:menu:beds/product/4720977",
    "price": "£110.00",
    "image": "https://media.4rgos.it/s/Argos/4720977_R_SET?w=270&h=270&qlt=75&fmt.jpeg.interlaced=true"
  },
  {
    "name": "Avalon Double Metal Bed Frame - Black",
    "name_link": "https://www.habitat.co.uk/browse/furniture/beds/c:809198/?clickOrigin=header:cat:menu:beds/product/8494845",
    "price": "£100.00",
    "image": "https://media.4rgos.it/s/Argos/8494845_R_SET?w=270&h=270&qlt=75&fmt.jpeg.interlaced=true"
  },
  {
    "name": "Fleur Single Metal Bed Frame - White",
    "name_link": "https://www.habitat.co.uk/browse/furniture/beds/c:809198/?clickOrigin=header:cat:menu:beds/product/4169260",
    "price": "£90.00",
    "image": "https://media.4rgos.it/s/Argos/4169260_R_SET?w=270&h=270&qlt=75&fmt.jpeg.interlaced=true"
  },
  {
    "name": "Skylar Double Bed Frame - White",
    "name_link": "https://www.habitat.co.uk/browse/furniture/beds/c:809198/?clickOrigin=header:cat:menu:beds/product/1259630",
    "price": "£150.00",
    "image": "https://media.4rgos.it/s/Argos/1259630_R_SET?w=270&h=270&qlt=75&fmt.jpeg.interlaced=true"
  },
  {
    "name": "Skylar Single Bed Frame - Black",
    "name_link": "https://www.habitat.co.uk/browse/furniture/beds/c:809198/?clickOrigin=header:cat:menu:beds/product/1309308",
    "price": "£120.00",
    "image": "https://media.4rgos.it/s/Argos/1309308_R_SET?w=270&h=270&qlt=75&fmt.jpeg.interlaced=true"
  },
  {
    "name": "Yani Double Metal Bed Frame - White",
    "name_link": "https://www.habitat.co.uk/browse/furniture/beds/c:809198/?clickOrigin=header:cat:menu:beds/product/6219204",
    "price": "£130.00",
    "image": "https://media.4rgos.it/s/Argos/6219204_R_SET?w=270&h=270&qlt=75&fmt.jpeg.interlaced=true"
  },
  {
    "name": "Avalon Double Bed Frame - White",
    "name_link": "https://www.habitat.co.uk/browse/furniture/beds/c:809198/?clickOrigin=header:cat:menu:beds/product/8153997",
    "price": "£100.00",
    "image": "https://media.4rgos.it/s/Argos/8153997_R_SET?w=270&h=270&qlt=75&fmt.jpeg.interlaced=true"
  },
  {
    "name": "Yani Kingsize Metal Bed Frame - Black",
    "name_link": "https://www.habitat.co.uk/browse/furniture/beds/c:809198/?clickOrigin=header:cat:menu:beds/product/6226242",
    "price": "£145.00",
    "image": "https://media.4rgos.it/s/Argos/6226242_R_SET?w=270&h=270&qlt=75&fmt.jpeg.interlaced=true"
  },
  {
    "name": "Yani Double Metal Bed Frame - Black",
    "name_link": "https://www.habitat.co.uk/browse/furniture/beds/c:809198/?clickOrigin=header:cat:menu:beds/product/6193571",
    "price": "£130.00",
    "image": "https://media.4rgos.it/s/Argos/6193571_R_SET?w=270&h=270&qlt=75&fmt.jpeg.interlaced=true"
  },
  {
    "name": "Skylar Single Bed Frame - White",
    "name_link": "https://www.habitat.co.uk/browse/furniture/beds/c:809198/?clickOrigin=header:cat:menu:beds/product/1199501",
    "price": "£120.00",
    "image": "https://media.4rgos.it/s/Argos/1199501_R_SET?w=270&h=270&qlt=75&fmt.jpeg.interlaced=true"
  },
  {
    "name": "Yani Single Metal Bed Frame - Black",
    "name_link": "https://www.habitat.co.uk/browse/furniture/beds/c:809198/?clickOrigin=header:cat:menu:beds/product/6216867",
    "price": "£110.00",
    "image": "https://media.4rgos.it/s/Argos/6216867_R_SET?w=270&h=270&qlt=75&fmt.jpeg.interlaced=true"
  },
  {
    "name": "Skylar Small Double Bed Frame - Black",
    "name_link": "https://www.habitat.co.uk/browse/furniture/beds/c:809198/?clickOrigin=header:cat:menu:beds/product/1309391",
    "price": "£140.00",
    "image": "https://media.4rgos.it/s/Argos/1309391_R_SET?w=270&h=270&qlt=75&fmt.jpeg.interlaced=true"
  },
  {
    "name": "Yani Kingsize Metal Bed Frame - White",
    "name_link": "https://www.habitat.co.uk/browse/furniture/beds/c:809198/?clickOrigin=header:cat:menu:beds/product/6217828",
    "price": "£145.00",
    "image": "https://media.4rgos.it/s/Argos/6217828_R_SET?w=270&h=270&qlt=75&fmt.jpeg.interlaced=true"
  },
  {
    "name": "Yani Single Metal Bed Frame - White",
    "name_link": "https://www.habitat.co.uk/browse/furniture/beds/c:809198/?clickOrigin=header:cat:menu:beds/product/6129033",
    "price": "£110.00",
    "image": "https://media.4rgos.it/s/Argos/6129033_R_SET?w=270&h=270&qlt=75&fmt.jpeg.interlaced=true"
  },
  {
    "name": "Fleur Kingsize Metal Bed Frame - White",
    "name_link": "https://www.habitat.co.uk/browse/furniture/beds/c:809198/?clickOrigin=header:cat:menu:beds/product/2706113",
    "price": "£140.00",
    "image": "https://media.4rgos.it/s/Argos/2706113_R_SET?w=270&h=270&qlt=75&fmt.jpeg.interlaced=true"
  },
  {
    "name": "Skylar Small Double Bed Frame - White",
    "name_link": "https://www.habitat.co.uk/browse/furniture/beds/c:809198/?clickOrigin=header:cat:menu:beds/product/1344710",
    "price": "£140.00",
    "image": "https://media.4rgos.it/s/Argos/1344710_R_SET?w=270&h=270&qlt=75&fmt.jpeg.interlaced=true"
  },
  {
    "name": "Lavendon Small Double Ottoman Bed Frame - Grey",
    "name_link": "https://www.habitat.co.uk/browse/furniture/beds/c:809198/?clickOrigin=header:cat:menu:beds/product/5747588",
    "price": "£190.00",
    "image": "https://media.4rgos.it/s/Argos/5747588_R_SET?w=270&h=270&qlt=75&fmt.jpeg.interlaced=true"
  },
  {
    "name": "Heathdon End Open Ottoman Single Bed Frame - Grey",
    "name_link": "https://www.habitat.co.uk/browse/furniture/beds/c:809198/?clickOrigin=header:cat:menu:beds/product/7349252",
    "price": "£180.00",
    "image": "https://media.4rgos.it/s/Argos/7349252_R_SET?w=270&h=270&qlt=75&fmt.jpeg.interlaced=true"
  },
  {
    "name": "Heathdon End Open Ottoman Double Bed Frame - Grey",
    "name_link": "https://www.habitat.co.uk/browse/furniture/beds/c:809198/?clickOrigin=header:cat:menu:beds/product/7238105",
    "price": "£220.00",
    "image": "https://media.4rgos.it/s/Argos/7238105_R_SET?w=270&h=270&qlt=75&fmt.jpeg.interlaced=true"
  },
  {
    "name": "Lavendon Double Faux Leather Ottoman Frame - Grey",
    "name_link": "https://www.habitat.co.uk/browse/furniture/beds/c:809198/?clickOrigin=header:cat:menu:beds/product/5744866",
    "price": "£200.00",
    "image": "https://media.4rgos.it/s/Argos/5744866_R_SET?w=270&h=270&qlt=75&fmt.jpeg.interlaced=true"
  },
  {
    "name": "Kaycie Double Bed Frame - White",
    "name_link": "https://www.habitat.co.uk/browse/furniture/beds/c:809198/?clickOrigin=header:cat:menu:beds/product/7287840",
    "price": "£120.00",
    "image": "https://media.4rgos.it/s/Argos/7287840_R_SET?w=270&h=270&qlt=75&fmt.jpeg.interlaced=true"
  },
  {
    "name": "Lavendon Double End Open Ottoman Bed Frame -Black",
    "name_link": "https://www.habitat.co.uk/browse/furniture/beds/c:809198/?clickOrigin=header:cat:menu:beds/product/4129626",
    "price": "£200.00",
    "image": "https://media.4rgos.it/s/Argos/4129626_R_SET?w=270&h=270&qlt=75&fmt.jpeg.interlaced=true"
  },
  {
    "name": "Heathdon End Open Ottoman Kingsize Bed - Grey",
    "name_link": "https://www.habitat.co.uk/browse/furniture/beds/c:809198/?clickOrigin=header:cat:menu:beds/product/7345328",
    "price": "£250.00",
    "image": "https://media.4rgos.it/s/Argos/7345328_R_SET?w=270&h=270&qlt=75&fmt.jpeg.interlaced=true"
  },
  {
    "name": "Aspley Small Double Bed Frame - White",
    "name_link": "https://www.habitat.co.uk/browse/furniture/beds/c:809198/?clickOrigin=header:cat:menu:beds/product/4831938",
    "price": "£160.00",
    "image": "https://media.4rgos.it/s/Argos/4831938_R_SET?w=270&h=270&qlt=75&fmt.jpeg.interlaced=true"
  },
  {
    "name": "Lavendon Ottoman Small Double Bed Frame - Black",
    "name_link": "https://www.habitat.co.uk/browse/furniture/beds/c:809198/?clickOrigin=header:cat:menu:beds/product/3979286",
    "price": "£190.00",
    "image": "https://media.4rgos.it/s/Argos/3979286_R_SET?w=270&h=270&qlt=75&fmt.jpeg.interlaced=true"
  },
  {
    "name": "Kaycie Small Double Bed Frame - White",
    "name_link": "https://www.habitat.co.uk/browse/furniture/beds/c:809198/?clickOrigin=header:cat:menu:beds/product/7037076",
    "price": "£110.00",
    "image": "https://media.4rgos.it/s/Argos/7037076_R_SET?w=270&h=270&qlt=75&fmt.jpeg.interlaced=true"
  },
  {
    "name": "Aspley Double Bed Frame - Oak Stain",
    "name_link": "https://www.habitat.co.uk/browse/furniture/beds/c:809198/?clickOrigin=header:cat:menu:beds/product/4976800",
    "price": "£150.00",
    "image": "https://media.4rgos.it/s/Argos/4976800_R_SET?w=270&h=270&qlt=75&fmt.jpeg.interlaced=true"
  },
  {
    "name": "Aspley Single Bed Frame - Oak Stain",
    "name_link": "https://www.habitat.co.uk/browse/furniture/beds/c:809198/?clickOrigin=header:cat:menu:beds/product/4909664",
    "price": "£120.00",
    "image": "https://media.4rgos.it/s/Argos/4909664_R_SET?w=270&h=270&qlt=75&fmt.jpeg.interlaced=true"
  },
  {
    "name": "Lavendon Single Ottoman Bed Frame - Black",
    "name_link": "https://www.habitat.co.uk/browse/furniture/beds/c:809198/?clickOrigin=header:cat:menu:beds/product/4158714",
    "price": "£160.00",
    "image": "https://media.4rgos.it/s/Argos/4158714_R_SET?w=270&h=270&qlt=75&fmt.jpeg.interlaced=true"
  },
  {
    "name": "Heathdon Side Open Ottoman Small Double Bed -Grey",
    "name_link": "https://www.habitat.co.uk/browse/furniture/beds/c:809198/?clickOrigin=header:cat:menu:beds/product/7031890",
    "price": "£220.00",
    "image": "https://media.4rgos.it/s/Argos/7031890_R_SET?w=270&h=270&qlt=75&fmt.jpeg.interlaced=true"
  },
  {
    "name": "Eros Ottoman Double Bed Frame - Grey",
    "name_link": "https://www.habitat.co.uk/browse/furniture/beds/c:809198/?clickOrigin=header:cat:menu:beds/product/6185709",
    "price": "£300.00",
    "image": "https://media.4rgos.it/s/Argos/6185709_R_SET?w=270&h=270&qlt=75&fmt.jpeg.interlaced=true"
  },
  {
    "name": "Lavendon Double Ottoman Bed Frame - Grey",
    "name_link": "https://www.habitat.co.uk/browse/furniture/beds/c:809198/?clickOrigin=header:cat:menu:beds/product/7237096",
    "price": "£210.00",
    "image": "https://media.4rgos.it/s/Argos/7237096_R_SET?w=270&h=270&qlt=75&fmt.jpeg.interlaced=true"
  },
  {
    "name": "Aspley Double Bed Frame - Grey",
    "name_link": "https://www.habitat.co.uk/browse/furniture/beds/c:809198/?clickOrigin=header:cat:menu:beds/product/9377411",
    "price": "£170.00",
    "image": "https://media.4rgos.it/s/Argos/9377411_R_SET?w=270&h=270&qlt=75&fmt.jpeg.interlaced=true"
  },
  {
    "name": "Lavendon Single Faux Leather Ottoman Frame - Grey",
    "name_link": "https://www.habitat.co.uk/browse/furniture/beds/c:809198/?clickOrigin=header:cat:menu:beds/product/5748848",
    "price": "£160.00",
    "image": "https://media.4rgos.it/s/Argos/5748848_R_SET?w=270&h=270&qlt=75&fmt.jpeg.interlaced=true"
  },
  {
    "name": "Aspen Small Double Bed Frame - Grey",
    "name_link": "https://www.habitat.co.uk/browse/furniture/beds/c:809198/?clickOrigin=header:cat:menu:beds/product/7353798",
    "price": "£190.00",
    "image": "https://media.4rgos.it/s/Argos/7353798_R_SET?w=270&h=270&qlt=75&fmt.jpeg.interlaced=true"
  },
  {
    "name": "Lavendon 4 Drawer Double Bed Frame - Grey",
    "name_link": "https://www.habitat.co.uk/browse/furniture/beds/c:809198/?clickOrigin=header:cat:menu:beds/product/8934659",
    "price": "£250.00",
    "image": "https://media.4rgos.it/s/Argos/8934659_R_SET?w=270&h=270&qlt=75&fmt.jpeg.interlaced=true"
  },
  {
    "name": "Kanso Double Metal Bed Frame - Black",
    "name_link": "https://www.habitat.co.uk/browse/furniture/beds/c:809198/?clickOrigin=header:cat:menu:beds/product/9186190",
    "price": "£130.00",
    "image": "https://media.4rgos.it/s/Argos/9186190_R_SET?w=270&h=270&qlt=75&fmt.jpeg.interlaced=true"
  },
  {
    "name": "Aspen Double Bed Frame - Grey",
    "name_link": "https://www.habitat.co.uk/browse/furniture/beds/c:809198/?clickOrigin=header:cat:menu:beds/product/7461491",
    "price": "£200.00",
    "image": "https://media.4rgos.it/s/Argos/7461491_R_SET?w=270&h=270&qlt=75&fmt.jpeg.interlaced=true"
  },
  {
    "name": "Lavendon Kingsize Ottoman Bed Frame - Grey",
    "name_link": "https://www.habitat.co.uk/browse/furniture/beds/c:809198/?clickOrigin=header:cat:menu:beds/product/5723681",
    "price": "£230.00",
    "image": "https://media.4rgos.it/s/Argos/5723681_R_SET?w=270&h=270&qlt=75&fmt.jpeg.interlaced=true"
  },
  {
    "name": "Industrial Small Double Bed Frame - Grey",
    "name_link": "https://www.habitat.co.uk/browse/furniture/beds/c:809198/?clickOrigin=header:cat:menu:beds/product/3089334",
    "price": "£140.00",
    "image": "https://media.4rgos.it/s/Argos/3089334_R_SET?w=270&h=270&qlt=75&fmt.jpeg.interlaced=true"
  },
  {
    "name": "Platform Double Bed Frame - Black",
    "name_link": "https://www.habitat.co.uk/browse/furniture/beds/c:809198/?clickOrigin=header:cat:menu:beds/product/9400546",
    "price": "£100.00",
    "image": "https://media.4rgos.it/s/Argos/9400546_R_SET?w=270&h=270&qlt=75&fmt.jpeg.interlaced=true"
  },
  {
    "name": "Heathdon End Open Ottoman Small Double Bed - Grey",
    "name_link": "https://www.habitat.co.uk/browse/furniture/beds/c:809198/?clickOrigin=header:cat:menu:beds/product/7232936",
    "price": "£210.00",
    "image": "https://media.4rgos.it/s/Argos/7232936_R_SET?w=270&h=270&qlt=75&fmt.jpeg.interlaced=true"
  },
  {
    "name": "Kristopher Double Bed Frame - Grey",
    "name_link": "https://www.habitat.co.uk/browse/furniture/beds/c:809198/?clickOrigin=header:cat:menu:beds/product/7311235",
    "price": "£150.00",
    "image": "https://media.4rgos.it/s/Argos/7311235_R_SET?w=270&h=270&qlt=75&fmt.jpeg.interlaced=true"
  },
  {
    "name": "Industrial Single Bed Frame - Grey",
    "name_link": "https://www.habitat.co.uk/browse/furniture/beds/c:809198/?clickOrigin=header:cat:menu:beds/product/3930768",
    "price": "£120.00",
    "image": "https://media.4rgos.it/s/Argos/3930768_R_SET?w=270&h=270&qlt=75&fmt.jpeg.interlaced=true"
  },
  {
    "name": "Aspen Single Bed Frame - Grey",
    "name_link": "https://www.habitat.co.uk/browse/furniture/beds/c:809198/?clickOrigin=header:cat:menu:beds/product/8538079",
    "price": "£170.00",
    "image": "https://media.4rgos.it/s/Argos/8538079_R_SET?w=270&h=270&qlt=75&fmt.jpeg.interlaced=true"
  }
]
