[
  {
    "name": "STRANDMON",
    "description": "Wing chair",
    "price": "199",
    "image": "https://www.ikea.com/gb/en/images/products/strandmon-wing-chair-nordvalla-dark-grey__0836849_pe601178_s5.jpg?f=xxs"
  },
  {
    "name": "STOCKSUND",
    "description": "Armchair",
    "price": "299",
    "image": "https://www.ikea.com/gb/en/images/products/stocksund-armchair-nolhaga-grey-beige-light-brown-wood__0738013_pe689635_s5.jpg?f=xxs"
  },
  {
    "name": "POÄNG",
    "description": "Armchair",
    "price": "60",
    "image": "https://www.ikea.com/gb/en/images/products/poaeng-armchair-oak-veneer-knisa-light-beige__0841440_pe666984_s5.jpg?f=xxs"
  },
  {
    "name": "EKENÄSET",
    "description": "Armchair",
    "price": "179",
    "image": "https://www.ikea.com/gb/en/images/products/ekenaeset-armchair-hillared-anthracite__0736926_pe740815_s5.jpg?f=xxs"
  },
  {
    "name": "POÄNG",
    "description": "Armchair",
    "price": "90",
    "image": "https://www.ikea.com/gb/en/images/products/poaeng-armchair-oak-veneer-skiftebo-dark-grey__0937075_pe793557_s5.jpg?f=xxs"
  },
  {
    "name": "LANDSKRONA",
    "description": "Armchair",
    "price": "350",
    "image": "https://www.ikea.com/gb/en/images/products/landskrona-armchair-velvet-yellow-wood__0821746_pe775273_s5.jpg?f=xxs"
  },
  {
    "name": "TULLSTA",
    "description": "Armchair",
    "price": "125",
    "image": "https://www.ikea.com/gb/en/images/products/tullsta-armchair-nordvalla-medium-grey__0837583_pe601029_s5.jpg?f=xxs"
  },
  {
    "name": "BENARP",
    "description": "Armchair",
    "price": "225",
    "image": "https://www.ikea.com/gb/en/images/products/koarp-armchair-gunnared-medium-grey-black__0837274_pe643210_s5.jpg?f=xxs"
  },
  {
    "name": "KOARP",
    "description": "Armchair",
    "price": "175",
    "image": "https://www.ikea.com/gb/en/images/products/ekenaes-armchair-hensta-dark-brown__0836812_pe601063_s5.jpg?f=xxs"
  },
  {
    "name": "EKENÄS",
    "description": "Armchair",
    "price": "199",
    "image": "https://www.ikea.com/gb/en/images/products/poaeng-armchair-birch-veneer-knisa-light-beige__0837298_pe666936_s5.jpg?f=xxs"
  },
  {
    "name": "POÄNG",
    "description": "Armchair",
    "price": "60",
    "image": "https://www.ikea.com/gb/en/images/products/poaeng-armchair-black-brown-knisa-black__0837335_pe666944_s5.jpg?f=xxs"
  },
  {
    "name": "POÄNG",
    "description": "Armchair",
    "price": "60",
    "image": "https://www.ikea.com/gb/en/images/products/ekeroe-armchair-skiftebo-yellow__0836445_pe600885_s5.jpg?f=xxs"
  },
  {
    "name": "EKERÖ",
    "description": "Armchair",
    "price": "129",
    "image": "https://www.ikea.com/gb/en/images/products/pello-armchair-holmby-natural__0841137_pe600889_s5.jpg?f=xxs"
  },
  {
    "name": "PELLO",
    "description": "Armchair",
    "price": "50",
    "image": "https://www.ikea.com/gb/en/images/products/remsta-armchair-tallmyra-dark-grey__0840643_pe712286_s5.jpg?f=xxs"
  },
  {
    "name": "REMSTA",
    "description": "Armchair",
    "price": "150",
    "image": "https://www.ikea.com/gb/en/images/products/groenlid-armchair-tallmyra-medium-grey__0840878_pe690467_s5.jpg?f=xxs"
  },
  {
    "name": "GRÖNLID",
    "description": "Armchair",
    "price": "210",
    "image": "https://www.ikea.com/gb/en/images/products/grevie-armchair-velvet-grey__0837120_pe690747_s5.jpg?f=xxs"
  },
  {
    "name": "GREVIE",
    "description": "Armchair",
    "price": "550",
    "image": "https://www.ikea.com/gb/en/images/products/soederhamn-armchair-samsta-dark-grey__0837650_pe601043_s5.jpg?f=xxs"
  },
  {
    "name": "SÖDERHAMN",
    "description": "Armchair",
    "price": "295",
    "image": "https://www.ikea.com/gb/en/images/products/faerloev-armchair-flodafors-white__0492484_pe633190_s5.jpg?f=xxs"
  },
  {
    "name": "FÄRLÖV",
    "description": "Armchair",
    "price": "295",
    "image": "https://www.ikea.com/gb/en/images/products/vedbo-high-back-armchair-gunnared-dark-grey__0837110_pe704423_s5.jpg?f=xxs"
  },
  {
    "name": "VEDBO",
    "description": "High-back armchair",
    "price": "229",
    "image": "https://www.ikea.com/gb/en/images/products/groenlid-armchair-inseros-white__0837519_pe690432_s5.jpg?f=xxs"
  },
  {
    "name": "GRÖNLID",
    "description": "Armchair",
    "price": "180",
    "image": "https://www.ikea.com/gb/en/images/products/flaeckebo-wing-chair-light-beige__0908453_pe783227_s5.jpg?f=xxs"
  },
  {
    "name": "FLÄCKEBO",
    "description": "Wing chair",
    "price": "399",
    "image": "https://www.ikea.com/gb/en/images/products/vedbo-armchair-gunnared-dark-grey__0837091_pe704432_s5.jpg?f=xxs"
  },
  {
    "name": "VEDBO",
    "description": "Armchair",
    "price": "150",
    "image": "https://www.ikea.com/gb/en/images/products/nolmyra-easy-chair-birch-veneer-grey__0836782_pe600883_s5.jpg?f=xxs"
  },
  {
    "name": "NOLMYRA",
    "description": "Easy chair",
    "price": "30",
    "image": "https://www.ikea.com/gb/en/images/products/ekolsund-recliner-gunnared-dark-grey__0779001_ph163114_s5.jpg?f=xxs"
  },
  {
    "name": "EKOLSUND",
    "description": "Recliner",
    "price": "279",
    "image": "https://www.ikea.com/gb/en/images/products/poaeng-rocking-chair-white-stained-oak-veneer-vislanda-black-white__0682898_pe720592_s5.jpg?f=xxs"
  },
  {
    "name": "POÄNG",
    "description": "Rocking-chair",
    "price": "135",
    "image": "https://www.ikea.com/gb/en/images/products/gubbo-easy-chair-velvet-light-grey__0804459_pe769187_s5.jpg?f=xxs"
  },
  {
    "name": "GUBBO",
    "description": "Easy chair",
    "price": "150",
    "image": "https://www.ikea.com/gb/en/images/products/fasalt-swivel-armchair-velvet-grey__0766658_pe753855_s5.jpg?f=xxs"
  },
  {
    "name": "FASALT",
    "description": "Swivel armchair",
    "price": "450",
    "image": "https://www.ikea.com/gb/en/images/products/omtaenksam-armchair-gunnared-dark-grey__0811486_pe771657_s5.jpg?f=xxs"
  },
  {
    "name": "OMTÄNKSAM",
    "description": "Armchair",
    "price": "250",
    "image": "https://www.ikea.com/gb/en/images/products/poaeng-rocking-chair-black-brown-knisa-black__0837376_pe667282_s5.jpg?f=xxs"
  },
  {
    "name": "POÄNG",
    "description": "Rocking-chair",
    "price": "95",
    "image": "https://www.ikea.com/gb/en/images/products/groenlid-armchair-sporda-natural__0837559_pe690440_s5.jpg?f=xxs"
  },
  {
    "name": "POÄNG",
    "description": "Rocking-chair",
    "price": "140",
    "image": "https://www.ikea.com/gb/en/images/products/havsten-easy-chair-in-outdoor-beige__0773285_pe756249_s5.jpg?f=xxs"
  },
  {
    "name": "GRÖNLID",
    "description": "Armchair",
    "price": "230",
    "image": "https://www.ikea.com/gb/en/images/products/poaeng-rocking-chair-birch-veneer-rockneby-multicolour__0949835_pe800050_s5.jpg?f=xxs"
  },
  {
    "name": "HAVSTEN",
    "description": "Easy chair, in/outdoor83x94x90 cm",
    "price": "200",
    "image": "https://www.ikea.com/gb/en/images/products/strandmon-childrens-armchair-vissle-grey__0876261_pe668408_s5.jpg?f=xxs"
  },
  {
    "name": "POÄNG",
    "description": "Rocking-chair",
    "price": "125",
    "image": "https://www.ikea.com/gb/en/images/products/bingsta-armchair-vissle-dark-yellow-kabusa-dark-yellow__0761761_pe751429_s5.jpg?f=xxs"
  },
  {
    "name": "STRANDMON",
    "description": "Children's armchair",
    "price": "99",
    "image": "https://www.ikea.com/gb/en/images/products/groenlid-armchair-tallmyra-light-red__0852410_pe780052_s5.jpg?f=xxs"
  },
  {
    "name": "BINGSTA",
    "description": "Armchair",
    "price": "129",
    "image": "https://www.ikea.com/gb/en/images/products/groenlid-armchair-tallmyra-light-green__0840869_pe690462_s5.jpg?f=xxs"
  },
  {
    "name": "GRÖNLID",
    "description": "Armchair",
    "price": "210",
    "image": "https://www.ikea.com/gb/en/images/products/lidhult-armchair-gassebol-light-beige__0828738_pe688915_s5.jpg?f=xxs"
  },
  {
    "name": "GRÖNLID",
    "description": "Armchair",
    "price": "210",
    "image": "https://www.ikea.com/gb/en/images/products/froeset-easy-chair-white-stained-oak-veneer__0937802_pe793856_s5.jpg?f=xxs"
  },
  {
    "name": "LIDHULT",
    "description": "Armchair",
    "price": "300",
    "image": "https://www.ikea.com/gb/en/images/products/ektorp-armchair-hallarp-beige__0818470_pe774427_s5.jpg?f=xxs"
  },
  {
    "name": "FRÖSET",
    "description": "Easy chair",
    "price": "75",
    "image": "https://www.ikea.com/gb/en/images/products/saelleryd-armchair-grey__0925075_pe788702_s5.jpg?f=xxs"
  },
  {
    "name": "EKTORP",
    "description": "Armchair",
    "price": "229",
    "image": "https://www.ikea.com/gb/en/images/products/lycksele-murbo-chair-bed-vallarum-grey__0833851_pe600273_s5.jpg?f=xxs"
  },
  {
    "name": "SÄLLERYD",
    "description": "Armchair",
    "price": "300",
    "image": "https://www.ikea.com/gb/en/images/products/lycksele-havet-chair-bed-vallarum-grey__0833851_pe600273_s5.jpg?f=xxs"
  },
  {
    "name": "LYCKSELE MURBO",
    "description": "Chair-bed",
    "price": "180",
    "image": "https://www.ikea.com/gb/en/images/products/bingsta-high-back-armchair-vissle-dark-yellow-kabusa-dark-yellow__0761754_pe751423_s5.jpg?f=xxs"
  },
  {
    "name": "LYCKSELE HÅVET",
    "description": "Chair-bed",
    "price": "230",
    "image": "https://www.ikea.com/gb/en/images/products/vedbo-chair-with-armrests-black-gunnared-dark-grey__0815222_pe772809_s5.jpg?f=xxs"
  },
  {
    "name": "BINGSTA",
    "description": "High-back armchair",
    "price": "165",
    "image": "https://www.ikea.com/gb/en/images/products/linnebaeck-easy-chair-ramna-light-grey__0951667_pe801312_s5.jpg?f=xxs"
  },
  {
    "name": "VEDBO",
    "description": "Chair with armrests",
    "price": "150",
    "image": null
  },
  {
    "name": "LINNEBÄCK",
    "description": "Easy chair",
    "price": "40",
    "image": null
  }
]
