[
  {
    "name": "Gala Tempered Glass Coffee Table",
    "name_link": "https://www.habitat.co.uk/browse/furniture/coffee-tables/c:809215/?tag=shop-by-room:living-room:coffee-tables/product/8891527",
    "price": "£195.00",
    "image": "https://media.4rgos.it/s/Argos/8891527_R_SET?w=270&h=270&qlt=75&fmt.jpeg.interlaced=true"
  },
  {
    "name": "Nomad Coffee Table - Oak Effect",
    "name_link": "https://www.habitat.co.uk/browse/furniture/coffee-tables/c:809215/?tag=shop-by-room:living-room:coffee-tables/product/8573209",
    "price": "£185.00",
    "image": "https://media.4rgos.it/s/Argos/8573209_R_SET?w=270&h=270&qlt=75&fmt.jpeg.interlaced=true"
  },
  {
    "name": "Skandi Coffee Table",
    "name_link": "https://www.habitat.co.uk/browse/furniture/coffee-tables/c:809215/?tag=shop-by-room:living-room:coffee-tables/product/3442342",
    "price": "£100.00",
    "image": "https://media.4rgos.it/s/Argos/3442342_R_SET?w=270&h=270&qlt=75&fmt.jpeg.interlaced=true"
  },
  {
    "name": "Grooved Storage Coffee Table - Oak",
    "name_link": "https://www.habitat.co.uk/browse/furniture/coffee-tables/c:809215/?tag=shop-by-room:living-room:coffee-tables/product/9220953",
    "price": "£195.00",
    "image": "https://media.4rgos.it/s/Argos/9220953_R_SET?w=270&h=270&qlt=75&fmt.jpeg.interlaced=true"
  },
  {
    "name": "Max Oiled Oak Coffee Table With Shelf",
    "name_link": "https://www.habitat.co.uk/browse/furniture/coffee-tables/c:809215/?tag=shop-by-room:living-room:coffee-tables/product/8955030",
    "price": "£195.00",
    "image": "https://media.4rgos.it/s/Argos/8955030_R_SET?w=270&h=270&qlt=75&fmt.jpeg.interlaced=true"
  },
  {
    "name": "Halden Coffee Table - Ash Effect",
    "name_link": "https://www.habitat.co.uk/browse/furniture/coffee-tables/c:809215/?tag=shop-by-room:living-room:coffee-tables/product/8537946",
    "price": "£130.00",
    "image": "https://media.4rgos.it/s/Argos/8537946_R_SET?w=270&h=270&qlt=75&fmt.jpeg.interlaced=true"
  },
  {
    "name": "Finley Coffee Table - Grey",
    "name_link": "https://www.habitat.co.uk/browse/furniture/coffee-tables/c:809215/?tag=shop-by-room:living-room:coffee-tables/product/2993414",
    "price": "£70.00",
    "image": "https://media.4rgos.it/s/Argos/2993414_R_SET?w=270&h=270&qlt=75&fmt.jpeg.interlaced=true"
  },
  {
    "name": "Wire Frame Bird Cage Coffee and Side Tables",
    "name_link": "https://www.habitat.co.uk/browse/furniture/coffee-tables/c:809215/?tag=shop-by-room:living-room:coffee-tables/product/5791211",
    "price": "£100.00",
    "image": "https://media.4rgos.it/s/Argos/5791211_R_SET?w=270&h=270&qlt=75&fmt.jpeg.interlaced=true"
  },
  {
    "name": "Malibu Coffee Table",
    "name_link": "https://www.habitat.co.uk/browse/furniture/coffee-tables/c:809215/?tag=shop-by-room:living-room:coffee-tables/product/8555014",
    "price": "£58.00",
    "image": "https://media.4rgos.it/s/Argos/8555014_R_SET?w=270&h=270&qlt=75&fmt.jpeg.interlaced=true"
  },
  {
    "name": "Loft Living Coffee Table - Oak Effect",
    "name_link": "https://www.habitat.co.uk/browse/furniture/coffee-tables/c:809215/?tag=shop-by-room:living-room:coffee-tables/product/3154551",
    "price": "£90.00",
    "image": "https://media.4rgos.it/s/Argos/3154551_R_SET?w=270&h=270&qlt=75&fmt.jpeg.interlaced=true"
  },
  {
    "name": "Sasha Coffee Table",
    "name_link": "https://www.habitat.co.uk/browse/furniture/coffee-tables/c:809215/?tag=shop-by-room:living-room:coffee-tables/product/4042222",
    "price": "£20.00",
    "image": "https://media.4rgos.it/s/Argos/4042222_R_SET?w=270&h=270&qlt=75&fmt.jpeg.interlaced=true"
  },
  {
    "name": "Skandi Coffee Table - Grey",
    "name_link": "https://www.habitat.co.uk/browse/furniture/coffee-tables/c:809215/?tag=shop-by-room:living-room:coffee-tables/product/7683341",
    "price": "£60.00",
    "image": "https://media.4rgos.it/s/Argos/7683341_R_SET?w=270&h=270&qlt=75&fmt.jpeg.interlaced=true"
  },
  {
    "name": "Agra Occasional Table",
    "name_link": "https://www.habitat.co.uk/browse/furniture/coffee-tables/c:809215/?tag=shop-by-room:living-room:coffee-tables/product/9361379",
    "price": "£50.00",
    "image": "https://media.4rgos.it/s/Argos/9361379_R_SET?w=270&h=270&qlt=75&fmt.jpeg.interlaced=true"
  },
  {
    "name": "Cubes 1 Shelf Coffee Table",
    "name_link": "https://www.habitat.co.uk/browse/furniture/coffee-tables/c:809215/?tag=shop-by-room:living-room:coffee-tables/product/6095662",
    "price": "£35.00",
    "image": "https://media.4rgos.it/s/Argos/6095662_R_SET?w=270&h=270&qlt=75&fmt.jpeg.interlaced=true"
  },
  {
    "name": "Mid Century Record Holder Table - Black",
    "name_link": "https://www.habitat.co.uk/browse/furniture/coffee-tables/c:809215/?tag=shop-by-room:living-room:coffee-tables/product/9348581",
    "price": "£42.00",
    "image": "https://media.4rgos.it/s/Argos/9348581_R_SET?w=270&h=270&qlt=75&fmt.jpeg.interlaced=true"
  },
  {
    "name": "Country Hideaway Wooden Leg Table",
    "name_link": "https://www.habitat.co.uk/browse/furniture/coffee-tables/c:809215/?tag=shop-by-room:living-room:coffee-tables/product/9325920",
    "price": "£38.00",
    "image": "https://media.4rgos.it/s/Argos/9325920_R_SET?w=270&h=270&qlt=75&fmt.jpeg.interlaced=true"
  },
  {
    "name": "Winchester Coffee Table",
    "name_link": "https://www.habitat.co.uk/browse/furniture/coffee-tables/c:809215/?tag=shop-by-room:living-room:coffee-tables/product/8542333",
    "price": "£105.00",
    "image": "https://media.4rgos.it/s/Argos/8542333_R_SET?w=270&h=270&qlt=75&fmt.jpeg.interlaced=true"
  },
  {
    "name": "Klark Hairpin Coffee Table - Dark Wood Effect",
    "name_link": "https://www.habitat.co.uk/browse/furniture/coffee-tables/c:809215/?tag=shop-by-room:living-room:coffee-tables/product/8694308",
    "price": "£70.00",
    "image": "https://media.4rgos.it/s/Argos/8694308_R_SET?w=270&h=270&qlt=75&fmt.jpeg.interlaced=true"
  },
  {
    "name": "Sleigh Coffee Table",
    "name_link": "https://www.habitat.co.uk/browse/furniture/coffee-tables/c:809215/?tag=shop-by-room:living-room:coffee-tables/product/8643548",
    "price": "£140.00",
    "image": "https://media.4rgos.it/s/Argos/8643548_R_SET?w=270&h=270&qlt=75&fmt.jpeg.interlaced=true"
  },
  {
    "name": "Bournemouth Coffee Table - Light Grey",
    "name_link": "https://www.habitat.co.uk/browse/furniture/coffee-tables/c:809215/?tag=shop-by-room:living-room:coffee-tables/product/9208951",
    "price": "£90.00",
    "image": "https://media.4rgos.it/s/Argos/9208951_R_SET?w=270&h=270&qlt=75&fmt.jpeg.interlaced=true"
  },
  {
    "name": "Maxim Black Smoked Glass Coffee Table",
    "name_link": "https://www.habitat.co.uk/browse/furniture/coffee-tables/c:809215/?tag=shop-by-room:living-room:coffee-tables/product/8975333",
    "price": "£80.00",
    "image": "https://media.4rgos.it/s/Argos/8975333_R_SET?w=270&h=270&qlt=75&fmt.jpeg.interlaced=true"
  },
  {
    "name": "Bournemouth Tray Coffee Table",
    "name_link": "https://www.habitat.co.uk/browse/furniture/coffee-tables/c:809215/?tag=shop-by-room:living-room:coffee-tables/product/4564968",
    "price": "£70.00",
    "image": "https://media.4rgos.it/s/Argos/4564968_R_SET?w=270&h=270&qlt=75&fmt.jpeg.interlaced=true"
  },
  {
    "name": "Kirby Oak And Red Gloss Metal Coffee Table",
    "name_link": "https://www.habitat.co.uk/browse/furniture/coffee-tables/c:809215/?tag=shop-by-room:living-room:coffee-tables/product/9409413",
    "price": "£80.00",
    "image": "https://media.4rgos.it/s/Argos/9409413_R_SET?w=270&h=270&qlt=75&fmt.jpeg.interlaced=true"
  },
  {
    "name": "Sona Storage Hammered Aluminium Coffee Table",
    "name_link": "https://www.habitat.co.uk/browse/furniture/coffee-tables/c:809215/?tag=shop-by-room:living-room:coffee-tables/product/8898173",
    "price": "£195.00",
    "image": "https://media.4rgos.it/s/Argos/8898173_R_SET?w=270&h=270&qlt=75&fmt.jpeg.interlaced=true"
  },
  {
    "name": "Kent 2 Drawer Console Table",
    "name_link": "https://www.habitat.co.uk/browse/furniture/coffee-tables/c:809215/?tag=shop-by-room:living-room:coffee-tables/product/9380714",
    "price": "£170.00",
    "image": "https://media.4rgos.it/s/Argos/9380714_R_SET?w=270&h=270&qlt=75&fmt.jpeg.interlaced=true"
  },
  {
    "name": "Gingko Black And White Metal Coffee Table",
    "name_link": "https://www.habitat.co.uk/browse/furniture/coffee-tables/c:809215/?tag=shop-by-room:living-room:coffee-tables/product/9365911",
    "price": "£150.00",
    "image": "https://media.4rgos.it/s/Argos/9365911_R_SET?w=270&h=270&qlt=75&fmt.jpeg.interlaced=true"
  },
  {
    "name": "Sleigh Gloss Gas Lift Coffee Table - White",
    "name_link": "https://www.habitat.co.uk/browse/furniture/coffee-tables/c:809215/?tag=shop-by-room:living-room:coffee-tables/product/7629484",
    "price": "£250.00",
    "image": "https://media.4rgos.it/s/Argos/7629484_R_SET?w=270&h=270&qlt=75&fmt.jpeg.interlaced=true"
  },
  {
    "name": "Neo Coffee Table",
    "name_link": "https://www.habitat.co.uk/browse/furniture/coffee-tables/c:809215/?tag=shop-by-room:living-room:coffee-tables/product/9191831",
    "price": "£80.00",
    "image": "https://media.4rgos.it/s/Argos/9191831_R_SET?w=270&h=270&qlt=75&fmt.jpeg.interlaced=true"
  },
  {
    "name": "Bert Coffee Table - White",
    "name_link": "https://www.habitat.co.uk/browse/furniture/coffee-tables/c:809215/?tag=shop-by-room:living-room:coffee-tables/product/9200296",
    "price": "£95.00",
    "image": "https://media.4rgos.it/s/Argos/9200296_R_SET?w=270&h=270&qlt=75&fmt.jpeg.interlaced=true"
  },
  {
    "name": "Kent 2 Drawer Coffee Table",
    "name_link": "https://www.habitat.co.uk/browse/furniture/coffee-tables/c:809215/?tag=shop-by-room:living-room:coffee-tables/product/3440959",
    "price": "£230.00",
    "image": "https://media.4rgos.it/s/Argos/3440959_R_SET?w=270&h=270&qlt=75&fmt.jpeg.interlaced=true"
  },
  {
    "name": "Venice Coffee Table",
    "name_link": "https://www.habitat.co.uk/browse/furniture/coffee-tables/c:809215/?tag=shop-by-room:living-room:coffee-tables/product/4492944",
    "price": "£90.00",
    "image": "https://media.4rgos.it/s/Argos/4492944_R_SET?w=270&h=270&qlt=75&fmt.jpeg.interlaced=true"
  },
  {
    "name": "Tokki Black Coffee Table",
    "name_link": "https://www.habitat.co.uk/browse/furniture/coffee-tables/c:809215/?tag=shop-by-room:living-room:coffee-tables/product/8738611",
    "price": "£495.00",
    "image": "https://media.4rgos.it/s/Argos/8738611_R_SET?w=270&h=270&qlt=75&fmt.jpeg.interlaced=true"
  },
  {
    "name": "Novara 2 Drawer Coffee Table - Oak Veneer",
    "name_link": "https://www.habitat.co.uk/browse/furniture/coffee-tables/c:809215/?tag=shop-by-room:living-room:coffee-tables/product/7546196",
    "price": "£275.00",
    "image": "https://media.4rgos.it/s/Argos/7546196_R_SET?w=270&h=270&qlt=75&fmt.jpeg.interlaced=true"
  },
  {
    "name": "Bumble Coffee Table - White",
    "name_link": "https://www.habitat.co.uk/browse/furniture/coffee-tables/c:809215/?tag=shop-by-room:living-room:coffee-tables/product/5804548",
    "price": "£150.00",
    "image": "https://media.4rgos.it/s/Argos/5804548_R_SET?w=270&h=270&qlt=75&fmt.jpeg.interlaced=true"
  },
  {
    "name": "Boutique Coffee Table - Marble Effect",
    "name_link": "https://www.habitat.co.uk/browse/furniture/coffee-tables/c:809215/?tag=shop-by-room:living-room:coffee-tables/product/5251531",
    "price": "£90.00",
    "image": "https://media.4rgos.it/s/Argos/5251531_R_SET?w=270&h=270&qlt=75&fmt.jpeg.interlaced=true"
  },
  {
    "name": "Cornelia Coffee Table - Oak",
    "name_link": "https://www.habitat.co.uk/browse/furniture/coffee-tables/c:809215/?tag=shop-by-room:living-room:coffee-tables/product/3630855",
    "price": "£195.00",
    "image": "https://media.4rgos.it/s/Argos/3630855_R_SET?w=270&h=270&qlt=75&fmt.jpeg.interlaced=true"
  },
  {
    "name": "Hayward 1 Drawer Coffee Table - White Gloss",
    "name_link": "https://www.habitat.co.uk/browse/furniture/coffee-tables/c:809215/?tag=shop-by-room:living-room:coffee-tables/product/3126620",
    "price": "£105.00",
    "image": "https://media.4rgos.it/s/Argos/3126620_R_SET?w=270&h=270&qlt=75&fmt.jpeg.interlaced=true"
  },
  {
    "name": "Oak and Glass Coffee Table - Natural",
    "name_link": "https://www.habitat.co.uk/browse/furniture/coffee-tables/c:809215/?tag=shop-by-room:living-room:coffee-tables/product/8918895",
    "price": "£195.00",
    "image": "https://media.4rgos.it/s/Argos/8918895_R_SET?w=270&h=270&qlt=75&fmt.jpeg.interlaced=true"
  },
  {
    "name": "Cornelia Coffee Table - Walnut",
    "name_link": "https://www.habitat.co.uk/browse/furniture/coffee-tables/c:809215/?tag=shop-by-room:living-room:coffee-tables/product/8597931",
    "price": "£195.00",
    "image": "https://media.4rgos.it/s/Argos/8597931_R_SET?w=270&h=270&qlt=75&fmt.jpeg.interlaced=true"
  }
]
