[
  {
    "name": "Grumpy Cat 45 x 45cm Printed Cushion - Grey & Yellow",
    "name_link": "https://www.habitat.co.uk/browse/bedding/cushions/c:827826/?clickOrigin=header:cat:menu:cushions/product/9223912",
    "price": "£10.00",
    "image": "https://media.4rgos.it/s/Argos/9223912_R_SET?w=270&h=270&qlt=75&fmt.jpeg.interlaced=true"
  },
  {
    "name": "Miro 45 x 45cm Patterned Cushion - Multicoloured",
    "name_link": "https://www.habitat.co.uk/browse/bedding/cushions/c:827826/?clickOrigin=header:cat:menu:cushions/product/9111378",
    "price": "£10.00",
    "image": "https://media.4rgos.it/s/Argos/9111378_R_SET?w=270&h=270&qlt=75&fmt.jpeg.interlaced=true"
  },
  {
    "name": "Topsy Patterned Cushion - Saffron",
    "name_link": "https://www.habitat.co.uk/browse/bedding/cushions/c:827826/?clickOrigin=header:cat:menu:cushions/product/9101656",
    "price": "£10.00",
    "image": "https://media.4rgos.it/s/Argos/9101656_R_SET?w=270&h=270&qlt=75&fmt.jpeg.interlaced=true"
  },
  {
    "name": "Darcy Geometric Cotton Cushion - Charcoal",
    "name_link": "https://www.habitat.co.uk/browse/bedding/cushions/c:827826/?clickOrigin=header:cat:menu:cushions/product/9425631",
    "price": "£10.00",
    "image": "https://media.4rgos.it/s/Argos/9425631_R_SET?w=270&h=270&qlt=75&fmt.jpeg.interlaced=true"
  },
  {
    "name": "Cheetah 45 x 45cm Patterned Cushion",
    "name_link": "https://www.habitat.co.uk/browse/bedding/cushions/c:827826/?clickOrigin=header:cat:menu:cushions/product/8975553",
    "price": "£10.00",
    "image": "https://media.4rgos.it/s/Argos/8975553_R_SET?w=270&h=270&qlt=75&fmt.jpeg.interlaced=true"
  },
  {
    "name": "Evelyn 45 x 45cm Patterned Cushion - Yellow",
    "name_link": "https://www.habitat.co.uk/browse/bedding/cushions/c:827826/?clickOrigin=header:cat:menu:cushions/product/9437753",
    "price": "£10.00",
    "image": "https://media.4rgos.it/s/Argos/9437753_R_SET?w=270&h=270&qlt=75&fmt.jpeg.interlaced=true"
  },
  {
    "name": "Willis 45 x 45cm Graphic Dog Print - Black and White",
    "name_link": "https://www.habitat.co.uk/browse/bedding/cushions/c:827826/?clickOrigin=header:cat:menu:cushions/product/9374586",
    "price": "£10.00",
    "image": "https://media.4rgos.it/s/Argos/9374586_R_SET?w=270&h=270&qlt=75&fmt.jpeg.interlaced=true"
  },
  {
    "name": "Watermelon Patterned Cushion - Orange",
    "name_link": "https://www.habitat.co.uk/browse/bedding/cushions/c:827826/?clickOrigin=header:cat:menu:cushions/product/9161610",
    "price": "£10.00",
    "image": "https://media.4rgos.it/s/Argos/9161610_R_SET?w=270&h=270&qlt=75&fmt.jpeg.interlaced=true"
  },
  {
    "name": "Lemon Patterned Cushion - Yellow",
    "name_link": "https://www.habitat.co.uk/browse/bedding/cushions/c:827826/?clickOrigin=header:cat:menu:cushions/product/9164954",
    "price": "£10.00",
    "image": "https://media.4rgos.it/s/Argos/9164954_R_SET?w=270&h=270&qlt=75&fmt.jpeg.interlaced=true"
  },
  {
    "name": "Soft Textured Skandi Cushion",
    "name_link": "https://www.habitat.co.uk/browse/bedding/cushions/c:827826/?clickOrigin=header:cat:menu:cushions/product/9203262",
    "price": "£14.00",
    "image": "https://media.4rgos.it/s/Argos/9203262_R_SET?w=270&h=270&qlt=75&fmt.jpeg.interlaced=true"
  },
  {
    "name": "Pomegranate Patterned Cushion - Multicoloured",
    "name_link": "https://www.habitat.co.uk/browse/bedding/cushions/c:827826/?clickOrigin=header:cat:menu:cushions/product/9213685",
    "price": "£10.00",
    "image": "https://media.4rgos.it/s/Argos/9213685_R_SET?w=270&h=270&qlt=75&fmt.jpeg.interlaced=true"
  },
  {
    "name": "Agra Garden Tassel Cushion - Blush",
    "name_link": "https://www.habitat.co.uk/browse/bedding/cushions/c:827826/?clickOrigin=header:cat:menu:cushions/product/8515755",
    "price": "£10.00",
    "image": "https://media.4rgos.it/s/Argos/8515755_R_SET?w=270&h=270&qlt=75&fmt.jpeg.interlaced=true"
  },
  {
    "name": "Regency 58 x 58cm Velvet Cushion - Taupe",
    "name_link": "https://www.habitat.co.uk/browse/bedding/cushions/c:827826/?clickOrigin=header:cat:menu:cushions/product/9308459",
    "price": "£35.00",
    "image": "https://media.4rgos.it/s/Argos/9308459_R_SET?w=270&h=270&qlt=75&fmt.jpeg.interlaced=true"
  },
  {
    "name": "Tassel Handwoven Cushion - Terracotta",
    "name_link": "https://www.habitat.co.uk/browse/bedding/cushions/c:827826/?clickOrigin=header:cat:menu:cushions/product/9205459",
    "price": "£10.00",
    "image": "https://media.4rgos.it/s/Argos/9205459_R_SET?w=270&h=270&qlt=75&fmt.jpeg.interlaced=true"
  },
  {
    "name": "Paloma 45 x 45cm Knitted Cotton Cushion",
    "name_link": "https://www.habitat.co.uk/browse/bedding/cushions/c:827826/?clickOrigin=header:cat:menu:cushions/product/9170254",
    "price": "£18.00",
    "image": null
  },
  {
    "name": "Handwoven Plain Cushion",
    "name_link": "https://www.habitat.co.uk/browse/bedding/cushions/c:827826/?clickOrigin=header:cat:menu:cushions/product/8884981",
    "price": "£10.00",
    "image": null
  },
  {
    "name": "Edric Hand-Woven Cushion Cover - Multicoloured",
    "name_link": "https://www.habitat.co.uk/browse/bedding/cushions/c:827826/?clickOrigin=header:cat:menu:cushions/product/9201549",
    "price": "£25.00",
    "image": null
  },
  {
    "name": "Paloma Knitted Cotton Cushion",
    "name_link": "https://www.habitat.co.uk/browse/bedding/cushions/c:827826/?clickOrigin=header:cat:menu:cushions/product/9413296",
    "price": "£25.00",
    "image": null
  },
  {
    "name": "Regency 45 x 45cm Velvet Cushion",
    "name_link": "https://www.habitat.co.uk/browse/bedding/cushions/c:827826/?clickOrigin=header:cat:menu:cushions/product/9429699",
    "price": "£20.00",
    "image": null
  },
  {
    "name": "Berber Zig Zag Wool Cushion - Cream",
    "name_link": "https://www.habitat.co.uk/browse/bedding/cushions/c:827826/?clickOrigin=header:cat:menu:cushions/product/9413540",
    "price": "£40.00",
    "image": null
  },
  {
    "name": "Esther Wool & Silk Cushion Cover - Multicoloured",
    "name_link": "https://www.habitat.co.uk/browse/bedding/cushions/c:827826/?clickOrigin=header:cat:menu:cushions/product/9411810",
    "price": "£25.00",
    "image": null
  },
  {
    "name": "Jungle Embroidered Cushion Cover - Black",
    "name_link": "https://www.habitat.co.uk/browse/bedding/cushions/c:827826/?clickOrigin=header:cat:menu:cushions/product/9372540",
    "price": "£30.00",
    "image": null
  },
  {
    "name": "Diaz Symbols Cushion Cover - Multicoloured",
    "name_link": "https://www.habitat.co.uk/browse/bedding/cushions/c:827826/?clickOrigin=header:cat:menu:cushions/product/9281002",
    "price": "£30.00",
    "image": null
  },
  {
    "name": "Supersoft Velvet Cushion - Grey",
    "name_link": "https://www.habitat.co.uk/browse/bedding/cushions/c:827826/?clickOrigin=header:cat:menu:cushions/product/9159598",
    "price": "£18.00",
    "image": null
  },
  {
    "name": "Fisola Zig Zag 45 x 45cm Printed Cushion - Black",
    "name_link": "https://www.habitat.co.uk/browse/bedding/cushions/c:827826/?clickOrigin=header:cat:menu:cushions/product/9338508",
    "price": "£20.00",
    "image": null
  }
]
