[
  {
    "name": "Shadow LED Rectangular Floor Lamp Base Only",
    "name_link": "https://www.habitat.co.uk/browse/lighting/floor-lamps/c:809326/?clickOrigin=header:cat:menu:floor+lamps/product/9172520",
    "price": "£140.00",
    "image": "https://media.4rgos.it/s/Argos/9172520_R_SET?w=270&h=270&qlt=75&fmt.jpeg.interlaced=true"
  },
  {
    "name": "Boast Floor Lamp - Black",
    "name_link": "https://www.habitat.co.uk/browse/lighting/floor-lamps/c:809326/?clickOrigin=header:cat:menu:floor+lamps/product/9210028",
    "price": "£130.00",
    "image": "https://media.4rgos.it/s/Argos/9210028_R_SET?w=270&h=270&qlt=75&fmt.jpeg.interlaced=true"
  },
  {
    "name": "Sheldon Floor Lamp - White",
    "name_link": "https://www.habitat.co.uk/browse/lighting/floor-lamps/c:809326/?clickOrigin=header:cat:menu:floor+lamps/product/8964368",
    "price": "£70.00",
    "image": "https://media.4rgos.it/s/Argos/8964368_R_SET?w=270&h=270&qlt=75&fmt.jpeg.interlaced=true"
  },
  {
    "name": "Fringe Floor Lamp - Grey",
    "name_link": "https://www.habitat.co.uk/browse/lighting/floor-lamps/c:809326/?clickOrigin=header:cat:menu:floor+lamps/product/8955872",
    "price": "£50.00",
    "image": "https://media.4rgos.it/s/Argos/8955872_R_SET?w=270&h=270&qlt=75&fmt.jpeg.interlaced=true"
  },
  {
    "name": "Tripod Floor Lamp - Grey and Chrome",
    "name_link": "https://www.habitat.co.uk/browse/lighting/floor-lamps/c:809326/?clickOrigin=header:cat:menu:floor+lamps/product/9132742",
    "price": "£35.00",
    "image": "https://media.4rgos.it/s/Argos/9132742_R_SET?w=270&h=270&qlt=75&fmt.jpeg.interlaced=true"
  },
  {
    "name": "3 Light Floor Lamp",
    "name_link": "https://www.habitat.co.uk/browse/lighting/floor-lamps/c:809326/?clickOrigin=header:cat:menu:floor+lamps/product/9168187",
    "price": "£55.00",
    "image": "https://media.4rgos.it/s/Argos/9168187_R_SET?w=270&h=270&qlt=75&fmt.jpeg.interlaced=true"
  },
  {
    "name": "Clane Arch Floor Lamp - Black",
    "name_link": "https://www.habitat.co.uk/browse/lighting/floor-lamps/c:809326/?clickOrigin=header:cat:menu:floor+lamps/product/8345482",
    "price": "£65.00",
    "image": "https://media.4rgos.it/s/Argos/8345482_R_SET?w=270&h=270&qlt=75&fmt.jpeg.interlaced=true"
  },
  {
    "name": "Double Floor Lamp - Copper",
    "name_link": "https://www.habitat.co.uk/browse/lighting/floor-lamps/c:809326/?clickOrigin=header:cat:menu:floor+lamps/product/9346435",
    "price": "£55.00",
    "image": "https://media.4rgos.it/s/Argos/9346435_R_SET?w=270&h=270&qlt=75&fmt.jpeg.interlaced=true"
  },
  {
    "name": "Uplighter & Reading Floor Light - Brass",
    "name_link": "https://www.habitat.co.uk/browse/lighting/floor-lamps/c:809326/?clickOrigin=header:cat:menu:floor+lamps/product/9347881",
    "price": "£55.00",
    "image": "https://media.4rgos.it/s/Argos/9347881_R_SET?w=270&h=270&qlt=75&fmt.jpeg.interlaced=true"
  },
  {
    "name": "Yves Metal Floor Lamp Base Only - Black",
    "name_link": "https://www.habitat.co.uk/browse/lighting/floor-lamps/c:809326/?clickOrigin=header:cat:menu:floor+lamps/product/9425583",
    "price": "£60.00",
    "image": "https://media.4rgos.it/s/Argos/9425583_R_SET?w=270&h=270&qlt=75&fmt.jpeg.interlaced=true"
  },
  {
    "name": "Dylan Wooden Floor Lamp - Walnut",
    "name_link": "https://www.habitat.co.uk/browse/lighting/floor-lamps/c:809326/?clickOrigin=header:cat:menu:floor+lamps/product/9332999",
    "price": "£85.00",
    "image": "https://media.4rgos.it/s/Argos/9332999_R_SET?w=270&h=270&qlt=75&fmt.jpeg.interlaced=true"
  },
  {
    "name": "Narr Metal Shade Floor Lamp - Black and White",
    "name_link": "https://www.habitat.co.uk/browse/lighting/floor-lamps/c:809326/?clickOrigin=header:cat:menu:floor+lamps/product/9211405",
    "price": "£65.00",
    "image": "https://media.4rgos.it/s/Argos/9211405_R_SET?w=270&h=270&qlt=75&fmt.jpeg.interlaced=true"
  },
  {
    "name": "Pole Floor Lamp Base - Walnut",
    "name_link": "https://www.habitat.co.uk/browse/lighting/floor-lamps/c:809326/?clickOrigin=header:cat:menu:floor+lamps/product/8977568",
    "price": "£110.00",
    "image": "https://media.4rgos.it/s/Argos/8977568_R_SET?w=270&h=270&qlt=75&fmt.jpeg.interlaced=true"
  },
  {
    "name": "Double Floor Lamp - Grey",
    "name_link": "https://www.habitat.co.uk/browse/lighting/floor-lamps/c:809326/?clickOrigin=header:cat:menu:floor+lamps/product/8895097",
    "price": "£45.00",
    "image": "https://media.4rgos.it/s/Argos/8895097_R_SET?w=270&h=270&qlt=75&fmt.jpeg.interlaced=true"
  },
  {
    "name": "Tripod Wooden Floor Lamp Base Only - Ash",
    "name_link": "https://www.habitat.co.uk/browse/lighting/floor-lamps/c:809326/?clickOrigin=header:cat:menu:floor+lamps/product/9412888",
    "price": "£130.00",
    "image": "https://media.4rgos.it/s/Argos/9412888_R_SET?w=270&h=270&qlt=75&fmt.jpeg.interlaced=true"
  },
  {
    "name": "Dylan Wooden Floor Lamp Base Only - Ash",
    "name_link": "https://www.habitat.co.uk/browse/lighting/floor-lamps/c:809326/?clickOrigin=header:cat:menu:floor+lamps/product/9193884",
    "price": "£85.00",
    "image": "https://media.4rgos.it/s/Argos/9193884_R_SET?w=270&h=270&qlt=75&fmt.jpeg.interlaced=true"
  },
  {
    "name": "Country Hideaway Floor Lamp - Cream",
    "name_link": "https://www.habitat.co.uk/browse/lighting/floor-lamps/c:809326/?clickOrigin=header:cat:menu:floor+lamps/product/8865058",
    "price": "£40.00",
    "image": "https://media.4rgos.it/s/Argos/8865058_R_SET?w=270&h=270&qlt=75&fmt.jpeg.interlaced=true"
  },
  {
    "name": "Ivar Floor Lamp - Black and Brass",
    "name_link": "https://www.habitat.co.uk/browse/lighting/floor-lamps/c:809326/?clickOrigin=header:cat:menu:floor+lamps/product/9172276",
    "price": "£60.00",
    "image": "https://media.4rgos.it/s/Argos/9172276_R_SET?w=270&h=270&qlt=75&fmt.jpeg.interlaced=true"
  },
  {
    "name": "Floor Lamp - Feather and Chrome",
    "name_link": "https://www.habitat.co.uk/browse/lighting/floor-lamps/c:809326/?clickOrigin=header:cat:menu:floor+lamps/product/8963118",
    "price": "£60.00",
    "image": "https://media.4rgos.it/s/Argos/8963118_R_SET?w=270&h=270&qlt=75&fmt.jpeg.interlaced=true"
  },
  {
    "name": "Tripod Floor Lamp - Mustard and Chrome",
    "name_link": "https://www.habitat.co.uk/browse/lighting/floor-lamps/c:809326/?clickOrigin=header:cat:menu:floor+lamps/product/9336335",
    "price": "£35.00",
    "image": "https://media.4rgos.it/s/Argos/9336335_R_SET?w=270&h=270&qlt=75&fmt.jpeg.interlaced=true"
  },
  {
    "name": "Rayner Floor Lamp - Chrome",
    "name_link": "https://www.habitat.co.uk/browse/lighting/floor-lamps/c:809326/?clickOrigin=header:cat:menu:floor+lamps/product/8340834",
    "price": "£28.00",
    "image": "https://media.4rgos.it/s/Argos/8340834_R_SET?w=270&h=270&qlt=75&fmt.jpeg.interlaced=true"
  },
  {
    "name": "Etty Wood & Metal Floor Lamp",
    "name_link": "https://www.habitat.co.uk/browse/lighting/floor-lamps/c:809326/?clickOrigin=header:cat:menu:floor+lamps/product/9452594",
    "price": "£75.00",
    "image": "https://media.4rgos.it/s/Argos/9452594_R_SET?w=270&h=270&qlt=75&fmt.jpeg.interlaced=true"
  },
  {
    "name": "Glam 3 Light Floor Lamp - Chrome",
    "name_link": "https://www.habitat.co.uk/browse/lighting/floor-lamps/c:809326/?clickOrigin=header:cat:menu:floor+lamps/product/9201226",
    "price": "£50.00",
    "image": "https://media.4rgos.it/s/Argos/9201226_R_SET?w=270&h=270&qlt=75&fmt.jpeg.interlaced=true"
  },
  {
    "name": "Benson Floor Lamp - Blue",
    "name_link": "https://www.habitat.co.uk/browse/lighting/floor-lamps/c:809326/?clickOrigin=header:cat:menu:floor+lamps/product/8846761",
    "price": "£30.00",
    "image": "https://media.4rgos.it/s/Argos/8846761_R_SET?w=270&h=270&qlt=75&fmt.jpeg.interlaced=true"
  },
  {
    "name": "Eero Floor Lamp",
    "name_link": "https://www.habitat.co.uk/browse/lighting/floor-lamps/c:809326/?clickOrigin=header:cat:menu:floor+lamps/product/9411645",
    "price": "£60.00",
    "image": "https://media.4rgos.it/s/Argos/9411645_R_SET?w=270&h=270&qlt=75&fmt.jpeg.interlaced=true"
  },
  {
    "name": "Tripod Floor Lamp Base - Walnut Stain",
    "name_link": "https://www.habitat.co.uk/browse/lighting/floor-lamps/c:809326/?clickOrigin=header:cat:menu:floor+lamps/product/9407271",
    "price": "£130.00",
    "image": "https://media.4rgos.it/s/Argos/9407271_R_SET?w=270&h=270&qlt=75&fmt.jpeg.interlaced=true"
  },
  {
    "name": "Sirit Floor Lamp - Natural",
    "name_link": "https://www.habitat.co.uk/browse/lighting/floor-lamps/c:809326/?clickOrigin=header:cat:menu:floor+lamps/product/9218783",
    "price": "£50.00",
    "image": "https://media.4rgos.it/s/Argos/9218783_R_SET?w=270&h=270&qlt=75&fmt.jpeg.interlaced=true"
  },
  {
    "name": "Base Only Floor Lamp - White",
    "name_link": "https://www.habitat.co.uk/browse/lighting/floor-lamps/c:809326/?clickOrigin=header:cat:menu:floor+lamps/product/8884572",
    "price": "£15.00",
    "image": "https://media.4rgos.it/s/Argos/8884572_R_SET?w=270&h=270&qlt=75&fmt.jpeg.interlaced=true"
  },
  {
    "name": "Wallace Complete Floor Lamp - Oak",
    "name_link": "https://www.habitat.co.uk/browse/lighting/floor-lamps/c:809326/?clickOrigin=header:cat:menu:floor+lamps/product/9375169",
    "price": "£150.00",
    "image": "https://media.4rgos.it/s/Argos/9375169_R_SET?w=270&h=270&qlt=75&fmt.jpeg.interlaced=true"
  },
  {
    "name": "Feather Floor Lamp - Grey and Rose Gold",
    "name_link": "https://www.habitat.co.uk/browse/lighting/floor-lamps/c:809326/?clickOrigin=header:cat:menu:floor+lamps/product/9305995",
    "price": "£60.00",
    "image": "https://media.4rgos.it/s/Argos/9305995_R_SET?w=270&h=270&qlt=75&fmt.jpeg.interlaced=true"
  },
  {
    "name": "Marbelle Floor Lamp with Black Base",
    "name_link": "https://www.habitat.co.uk/browse/lighting/floor-lamps/c:809326/?clickOrigin=header:cat:menu:floor+lamps/product/8875505",
    "price": "£90.00",
    "image": "https://media.4rgos.it/s/Argos/8875505_R_SET?w=270&h=270&qlt=75&fmt.jpeg.interlaced=true"
  },
  {
    "name": "Pole Floor Lamp Base Only - Oak",
    "name_link": "https://www.habitat.co.uk/browse/lighting/floor-lamps/c:809326/?clickOrigin=header:cat:menu:floor+lamps/product/9456033",
    "price": "£110.00",
    "image": "https://media.4rgos.it/s/Argos/9456033_R_SET?w=270&h=270&qlt=75&fmt.jpeg.interlaced=true"
  },
  {
    "name": "Sheldon Floor Lamp - Black",
    "name_link": "https://www.habitat.co.uk/browse/lighting/floor-lamps/c:809326/?clickOrigin=header:cat:menu:floor+lamps/product/9417261",
    "price": "£70.00",
    "image": "https://media.4rgos.it/s/Argos/9417261_R_SET?w=270&h=270&qlt=75&fmt.jpeg.interlaced=true"
  },
  {
    "name": "Shelf Floor Lamp Base - Black",
    "name_link": "https://www.habitat.co.uk/browse/lighting/floor-lamps/c:809326/?clickOrigin=header:cat:menu:floor+lamps/product/9406227",
    "price": "£90.00",
    "image": "https://media.4rgos.it/s/Argos/9406227_R_SET?w=270&h=270&qlt=75&fmt.jpeg.interlaced=true"
  },
  {
    "name": "Lansbury Wooden Floor Lamp Base Only",
    "name_link": "https://www.habitat.co.uk/browse/lighting/floor-lamps/c:809326/?clickOrigin=header:cat:menu:floor+lamps/product/9404463",
    "price": "£65.00",
    "image": "https://media.4rgos.it/s/Argos/9404463_R_SET?w=270&h=270&qlt=75&fmt.jpeg.interlaced=true"
  },
  {
    "name": "Coleman Floor Lamp - Clear and Copper",
    "name_link": "https://www.habitat.co.uk/browse/lighting/floor-lamps/c:809326/?clickOrigin=header:cat:menu:floor+lamps/product/9306293",
    "price": "£95.00",
    "image": "https://media.4rgos.it/s/Argos/9306293_R_SET?w=270&h=270&qlt=75&fmt.jpeg.interlaced=true"
  },
  {
    "name": "Bobby Metal Floor Lamp - Multicolour",
    "name_link": "https://www.habitat.co.uk/browse/lighting/floor-lamps/c:809326/?clickOrigin=header:cat:menu:floor+lamps/product/8895011",
    "price": "£50.00",
    "image": "https://media.4rgos.it/s/Argos/8895011_R_SET?w=270&h=270&qlt=75&fmt.jpeg.interlaced=true"
  },
  {
    "name": "Matt Tripod Floor Lamp - Black",
    "name_link": "https://www.habitat.co.uk/browse/lighting/floor-lamps/c:809326/?clickOrigin=header:cat:menu:floor+lamps/product/8838298",
    "price": "£35.00",
    "image": "https://media.4rgos.it/s/Argos/8838298_R_SET?w=270&h=270&qlt=75&fmt.jpeg.interlaced=true"
  },
  {
    "name": "Pax The Parrot Floor Lamp - Gold and Black",
    "name_link": "https://www.habitat.co.uk/browse/lighting/floor-lamps/c:809326/?clickOrigin=header:cat:menu:floor+lamps/product/8179500",
    "price": "£60.00",
    "image": "https://media.4rgos.it/s/Argos/8179500_R_SET?w=270&h=270&qlt=75&fmt.jpeg.interlaced=true"
  },
  {
    "name": "Rayner Floor Lamp - Brass",
    "name_link": "https://www.habitat.co.uk/browse/lighting/floor-lamps/c:809326/?clickOrigin=header:cat:menu:floor+lamps/product/8172648",
    "price": "£28.00",
    "image": "https://media.4rgos.it/s/Argos/8172648_R_SET?w=270&h=270&qlt=75&fmt.jpeg.interlaced=true"
  },
  {
    "name": "Rattan Arc Floor Lamp - Cream and Black",
    "name_link": "https://www.habitat.co.uk/browse/lighting/floor-lamps/c:809326/?clickOrigin=header:cat:menu:floor+lamps/product/8024789",
    "price": "£65.00",
    "image": "https://media.4rgos.it/s/Argos/8024789_R_SET?w=270&h=270&qlt=75&fmt.jpeg.interlaced=true"
  },
  {
    "name": "Aroura Single Glass Floor Lamp",
    "name_link": "https://www.habitat.co.uk/browse/lighting/floor-lamps/c:809326/?clickOrigin=header:cat:menu:floor+lamps/product/8976961",
    "price": "£90.00",
    "image": "https://media.4rgos.it/s/Argos/8976961_R_SET?w=270&h=270&qlt=75&fmt.jpeg.interlaced=true"
  }
]
