[
  {
    "name": "Padded Faux Leather Folding Office Chair",
    "name_link": "https://www.habitat.co.uk/browse/furniture/office-chairs/c:809224/?clickOrigin=header:cat:menu:office+chairs/product/4814326",
    "price": "£12.00",
    "image": "https://media.4rgos.it/s/Argos/4814326_R_SET?w=270&h=270&qlt=75&fmt.jpeg.interlaced=true"
  },
  {
    "name": "Brixham Faux Leather Office Chair",
    "name_link": "https://www.habitat.co.uk/browse/furniture/office-chairs/c:809224/?clickOrigin=header:cat:menu:office+chairs/product/6179131",
    "price": "£60.00",
    "image": "https://media.4rgos.it/s/Argos/6179131_R_SET?w=270&h=270&qlt=75&fmt.jpeg.interlaced=true"
  },
  {
    "name": "Orion Faux Leather Ergonomic Office Chair - Black",
    "name_link": "https://www.habitat.co.uk/browse/furniture/office-chairs/c:809224/?clickOrigin=header:cat:menu:office+chairs/product/3127179",
    "price": "£120.00",
    "image": "https://media.4rgos.it/s/Argos/3127179_R_SET?w=270&h=270&qlt=75&fmt.jpeg.interlaced=true"
  },
  {
    "name": "Joey Faux Leather Office Chair - Tan",
    "name_link": "https://www.habitat.co.uk/browse/furniture/office-chairs/c:809224/?clickOrigin=header:cat:menu:office+chairs/product/3106626",
    "price": "£60.00",
    "image": "https://media.4rgos.it/s/Argos/3106626_R_SET?w=270&h=270&qlt=75&fmt.jpeg.interlaced=true"
  },
  {
    "name": "Alvar Faux Leather Office Chair - Tan",
    "name_link": "https://www.habitat.co.uk/browse/furniture/office-chairs/c:809224/?clickOrigin=header:cat:menu:office+chairs/product/4355146",
    "price": "£80.00",
    "image": "https://media.4rgos.it/s/Argos/4355146_R_SET?w=270&h=270&qlt=75&fmt.jpeg.interlaced=true"
  },
  {
    "name": "Omari Mesh Ergonomic Office Chair - Black",
    "name_link": "https://www.habitat.co.uk/browse/furniture/office-chairs/c:809224/?clickOrigin=header:cat:menu:office+chairs/product/3208201",
    "price": "£150.00",
    "image": "https://media.4rgos.it/s/Argos/3208201_R_SET?w=270&h=270&qlt=75&fmt.jpeg.interlaced=true"
  },
  {
    "name": "Alma High Back Ergonomic Office Chair",
    "name_link": "https://www.habitat.co.uk/browse/furniture/office-chairs/c:809224/?clickOrigin=header:cat:menu:office+chairs/product/3206399",
    "price": "£100.00",
    "image": "https://media.4rgos.it/s/Argos/3206399_R_SET?w=270&h=270&qlt=75&fmt.jpeg.interlaced=true"
  },
  {
    "name": "Walker Height Adjustable Office Chair - Black",
    "name_link": "https://www.habitat.co.uk/browse/furniture/office-chairs/c:809224/?clickOrigin=header:cat:menu:office+chairs/product/4818401",
    "price": "£80.00",
    "image": "https://media.4rgos.it/s/Argos/4818401_R_SET?w=270&h=270&qlt=75&fmt.jpeg.interlaced=true"
  },
  {
    "name": "Mesh Mid Back Ergonomic Office Chair",
    "name_link": "https://www.habitat.co.uk/browse/furniture/office-chairs/c:809224/?clickOrigin=header:cat:menu:office+chairs/product/6183347",
    "price": "£65.00",
    "image": "https://media.4rgos.it/s/Argos/6183347_R_SET?w=270&h=270&qlt=75&fmt.jpeg.interlaced=true"
  },
  {
    "name": "Swivel Tub Office Chair - Charcoal",
    "name_link": "https://www.habitat.co.uk/browse/furniture/office-chairs/c:809224/?clickOrigin=header:cat:menu:office+chairs/product/8025898",
    "price": "£85.00",
    "image": "https://media.4rgos.it/s/Argos/8025898_R_SET?w=270&h=270&qlt=75&fmt.jpeg.interlaced=true"
  },
  {
    "name": "Milton Mesh Ergonomic Office Chair",
    "name_link": "https://www.habitat.co.uk/browse/furniture/office-chairs/c:809224/?clickOrigin=header:cat:menu:office+chairs/product/8936633",
    "price": "£90.00",
    "image": "https://media.4rgos.it/s/Argos/8936633_R_SET?w=270&h=270&qlt=75&fmt.jpeg.interlaced=true"
  },
  {
    "name": "Boutique Faux Leather Chair",
    "name_link": "https://www.habitat.co.uk/browse/furniture/office-chairs/c:809224/?clickOrigin=header:cat:menu:office+chairs/product/8906601",
    "price": "£50.00",
    "image": "https://media.4rgos.it/s/Argos/8906601_R_SET?w=270&h=270&qlt=75&fmt.jpeg.interlaced=true"
  },
  {
    "name": "Industrial Office Chair",
    "name_link": "https://www.habitat.co.uk/browse/furniture/office-chairs/c:809224/?clickOrigin=header:cat:menu:office+chairs/product/8485799",
    "price": "£60.00",
    "image": "https://media.4rgos.it/s/Argos/8485799_R_SET?w=270&h=270&qlt=75&fmt.jpeg.interlaced=true"
  },
  {
    "name": "Button Back Fabric Office Chair - Grey",
    "name_link": "https://www.habitat.co.uk/browse/furniture/office-chairs/c:809224/?clickOrigin=header:cat:menu:office+chairs/product/8039327",
    "price": "£100.00",
    "image": "https://media.4rgos.it/s/Argos/8039327_R_SET?w=270&h=270&qlt=75&fmt.jpeg.interlaced=true"
  },
  {
    "name": "Old School Ergonomic Office Chair - Dark Oak",
    "name_link": "https://www.habitat.co.uk/browse/furniture/office-chairs/c:809224/?clickOrigin=header:cat:menu:office+chairs/product/9224681",
    "price": "£50.00",
    "image": "https://media.4rgos.it/s/Argos/9224681_R_SET?w=270&h=270&qlt=75&fmt.jpeg.interlaced=true"
  },
  {
    "name": "Ergonomic Office Chair - Grey",
    "name_link": "https://www.habitat.co.uk/browse/furniture/office-chairs/c:809224/?clickOrigin=header:cat:menu:office+chairs/product/8340865",
    "price": "£160.00",
    "image": "https://media.4rgos.it/s/Argos/8340865_R_SET?w=270&h=270&qlt=75&fmt.jpeg.interlaced=true"
  },
  {
    "name": "Nori Fabric Office Chair",
    "name_link": "https://www.habitat.co.uk/browse/furniture/office-chairs/c:809224/?clickOrigin=header:cat:menu:office+chairs/product/3133802",
    "price": "£90.00",
    "image": "https://media.4rgos.it/s/Argos/3133802_R_SET?w=270&h=270&qlt=75&fmt.jpeg.interlaced=true"
  },
  {
    "name": "Ginnie Office Chair",
    "name_link": "https://www.habitat.co.uk/browse/furniture/office-chairs/c:809224/?clickOrigin=header:cat:menu:office+chairs/product/8768533",
    "price": "£85.00",
    "image": "https://media.4rgos.it/s/Argos/8768533_R_SET?w=270&h=270&qlt=75&fmt.jpeg.interlaced=true"
  },
  {
    "name": "Clarice Velvet Office Chair",
    "name_link": "https://www.habitat.co.uk/browse/furniture/office-chairs/c:809224/?clickOrigin=header:cat:menu:office+chairs/product/3420670",
    "price": "£130.00",
    "image": "https://media.4rgos.it/s/Argos/3420670_R_SET?w=270&h=270&qlt=75&fmt.jpeg.interlaced=true"
  },
  {
    "name": "Etta Office Chair - Brown",
    "name_link": "https://www.habitat.co.uk/browse/furniture/office-chairs/c:809224/?clickOrigin=header:cat:menu:office+chairs/product/9235632",
    "price": "£95.00",
    "image": "https://media.4rgos.it/s/Argos/9235632_R_SET?w=270&h=270&qlt=75&fmt.jpeg.interlaced=true"
  },
  {
    "name": "Dutch Glam Office Chair",
    "name_link": "https://www.habitat.co.uk/browse/furniture/office-chairs/c:809224/?clickOrigin=header:cat:menu:office+chairs/product/8567136",
    "price": "£120.00",
    "image": "https://media.4rgos.it/s/Argos/8567136_R_SET?w=270&h=270&qlt=75&fmt.jpeg.interlaced=true"
  },
  {
    "name": "Sonny Fabric Office Chair - Black & White",
    "name_link": "https://www.habitat.co.uk/browse/furniture/office-chairs/c:809224/?clickOrigin=header:cat:menu:office+chairs/product/8741323",
    "price": "£90.00",
    "image": "https://media.4rgos.it/s/Argos/8741323_R_SET?w=270&h=270&qlt=75&fmt.jpeg.interlaced=true"
  },
  {
    "name": "Ari Office Chair",
    "name_link": "https://www.habitat.co.uk/browse/furniture/office-chairs/c:809224/?clickOrigin=header:cat:menu:office+chairs/product/9175785",
    "price": "£70.00",
    "image": "https://media.4rgos.it/s/Argos/9175785_R_SET?w=270&h=270&qlt=75&fmt.jpeg.interlaced=true"
  },
  {
    "name": "Etta Blue Velvet Office Chair",
    "name_link": "https://www.habitat.co.uk/browse/furniture/office-chairs/c:809224/?clickOrigin=header:cat:menu:office+chairs/product/9422586",
    "price": "£95.00",
    "image": null
  },
  {
    "name": "Beni Fabric Office Chair - Grey",
    "name_link": "https://www.habitat.co.uk/browse/furniture/office-chairs/c:809224/?clickOrigin=header:cat:menu:office+chairs/product/9312184",
    "price": "£45.00",
    "image": null
  },
  {
    "name": "Beni Velvet Office Chair - Blush",
    "name_link": "https://www.habitat.co.uk/browse/furniture/office-chairs/c:809224/?clickOrigin=header:cat:menu:office+chairs/product/8888987",
    "price": "£60.00",
    "image": null
  },
  {
    "name": "Reade Mesh Office Chair",
    "name_link": "https://www.habitat.co.uk/browse/furniture/office-chairs/c:809224/?clickOrigin=header:cat:menu:office+chairs/product/8807827",
    "price": "£40.00",
    "image": null
  }
]
